NOM_USUEL;LAT;LON;ALTI;AAAAMMJJHH;P;U;PHI;T0C;RHUM;SOLAR RAD
ROBERT-PTE FORT;14.679667;-60.925500;16;2024071500;0.0;5.4;50;28.8;84;0
ROBERT-PTE FORT;14.679667;-60.925500;16;2024071501;0.6;6.4;70;27.9;88;0
ROBERT-PTE FORT;14.679667;-60.925500;16;2024071502;0.0;4.5;60;28.2;85;0
ROBERT-PTE FORT;14.679667;-60.925500;16;2024071503;0.0;5.8;60;28.1;85;0
ROBERT-PTE FORT;14.679667;-60.925500;16;2024071504;0.0;2.1;40;27.1;87;0
ROBERT-PTE FORT;14.679667;-60.925500;16;2024071505;0.0;3.1;40;27.9;86;0
ROBERT-PTE FORT;14.679667;-60.925500;16;2024071506;0.0;4.6;50;28.1;85;0
ROBERT-PTE FORT;14.679667;-60.925500;16;2024071507;3.4;2.4;30;26.9;92;25
ROBERT-PTE FORT;14.679667;-60.925500;16;2024071508;2.0;2.2;20;27.7;92;118
ROBERT-PTE FORT;14.679667;-60.925500;16;2024071509;0.0;2.5;20;29.1;86;204
ROBERT-PTE FORT;14.679667;-60.925500;16;2024071510;0.0;3.7;80;29.7;80;273
ROBERT-PTE FORT;14.679667;-60.925500;16;2024071511;3.2;2.5;70;28.3;89;339
ROBERT-PTE FORT;14.679667;-60.925500;16;2024071512;0.2;2.8;30;28.8;82;317
ROBERT-PTE FORT;14.679667;-60.925500;16;2024071513;12.7;4.3;260;25.3;90;315
ROBERT-PTE FORT;14.679667;-60.925500;16;2024071514;1.0;3.2;40;25.9;94;324
ROBERT-PTE FORT;14.679667;-60.925500;16;2024071515;0.0;0.8;10;28.9;89;250
ROBERT-PTE FORT;14.679667;-60.925500;16;2024071516;0.0;1.4;30;29.6;77;194
ROBERT-PTE FORT;14.679667;-60.925500;16;2024071517;0.0;2.1;50;30.0;77;93
ROBERT-PTE FORT;14.679667;-60.925500;16;2024071518;0.0;2.9;20;28.3;84;20
ROBERT-PTE FORT;14.679667;-60.925500;16;2024071519;0.0;5.1;50;27.3;87;1
ROBERT-PTE FORT;14.679667;-60.925500;16;2024071520;0.0;3.3;70;27.7;87;0
ROBERT-PTE FORT;14.679667;-60.925500;16;2024071521;0.0;3.6;60;27.8;85;0
ROBERT-PTE FORT;14.679667;-60.925500;16;2024071522;1.0;7.3;80;28.0;86;0
ROBERT-PTE FORT;14.679667;-60.925500;16;2024071523;0.0;6.4;90;28.9;80;0
ROBERT-PTE FORT;14.679667;-60.925500;16;2024071600;0.0;5.1;120;28.1;82;0
ROBERT-PTE FORT;14.679667;-60.925500;16;2024071601;0.0;2.8;50;26.7;85;0
ROBERT-PTE FORT;14.679667;-60.925500;16;2024071602;0.0;1.4;280;26.3;88;0
ROBERT-PTE FORT;14.679667;-60.925500;16;2024071603;0.0;3.0;120;28.6;77;0
ROBERT-PTE FORT;14.679667;-60.925500;16;2024071604;0.0;5.4;100;28.7;76;0
ROBERT-PTE FORT;14.679667;-60.925500;16;2024071605;0.0;5.6;90;28.8;78;0
ROBERT-PTE FORT;14.679667;-60.925500;16;2024071606;0.0;5.3;80;28.3;84;0
ROBERT-PTE FORT;14.679667;-60.925500;16;2024071607;0.2;7.6;90;29.5;77;24
ROBERT-PTE FORT;14.679667;-60.925500;16;2024071608;0.0;5.5;100;29.9;73;96
ROBERT-PTE FORT;14.679667;-60.925500;16;2024071609;0.0;5.4;100;30.2;74;181
ROBERT-PTE FORT;14.679667;-60.925500;16;2024071610;0.0;5.8;90;30.3;72;239
ROBERT-PTE FORT;14.679667;-60.925500;16;2024071611;0.0;5.0;100;30.5;70;311
ROBERT-PTE FORT;14.679667;-60.925500;16;2024071612;0.0;5.5;90;30.7;71;305
ROBERT-PTE FORT;14.679667;-60.925500;16;2024071613;0.0;6.8;90;30.5;74;349
ROBERT-PTE FORT;14.679667;-60.925500;16;2024071614;0.0;6.4;140;28.8;76;235
ROBERT-PTE FORT;14.679667;-60.925500;16;2024071615;0.6;4.7;100;29.4;81;203
ROBERT-PTE FORT;14.679667;-60.925500;16;2024071616;0.0;6.5;100;28.9;77;196
ROBERT-PTE FORT;14.679667;-60.925500;16;2024071617;1.2;3.3;100;28.0;86;99
ROBERT-PTE FORT;14.679667;-60.925500;16;2024071618;0.0;6.9;90;28.4;83;24
ROBERT-PTE FORT;14.679667;-60.925500;16;2024071619;0.0;7.2;90;28.8;82;2
ROBERT-PTE FORT;14.679667;-60.925500;16;2024071620;0.0;7.2;80;28.7;84;0
ROBERT-PTE FORT;14.679667;-60.925500;16;2024071621;0.2;6.6;80;28.7;84;0
ROBERT-PTE FORT;14.679667;-60.925500;16;2024071622;0.0;2.9;130;28.9;82;0
ROBERT-PTE FORT;14.679667;-60.925500;16;2024071623;1.2;8.5;90;28.3;85;0
ROBERT-PTE FORT;14.679667;-60.925500;16;2024071700;1.0;4.9;100;28.6;85;0
ROBERT-PTE FORT;14.679667;-60.925500;16;2024071701;0.0;3.7;110;28.9;81;0
ROBERT-PTE FORT;14.679667;-60.925500;16;2024071702;0.2;4.4;140;28.0;84;0
ROBERT-PTE FORT;14.679667;-60.925500;16;2024071703;0.0;7.7;80;28.8;82;0
ROBERT-PTE FORT;14.679667;-60.925500;16;2024071704;0.0;6.7;90;28.8;80;0
ROBERT-PTE FORT;14.679667;-60.925500;16;2024071705;0.0;6.6;80;28.7;82;0
ROBERT-PTE FORT;14.679667;-60.925500;16;2024071706;0.2;7.0;80;28.5;84;0
ROBERT-PTE FORT;14.679667;-60.925500;16;2024071707;0.0;3.6;100;28.9;79;5
ROBERT-PTE FORT;14.679667;-60.925500;16;2024071708;0.0;5.7;80;30.2;75;20
ROBERT-PTE FORT;14.679667;-60.925500;16;2024071709;0.0;5.8;80;31.1;73;64
ROBERT-PTE FORT;14.679667;-60.925500;16;2024071710;0.0;4.4;30;29.5;74;168
ROBERT-PTE FORT;14.679667;-60.925500;16;2024071711;0.0;4.1;90;30.5;72;166
ROBERT-PTE FORT;14.679667;-60.925500;16;2024071712;0.0;4.2;80;31.2;72;24
ROBERT-PTE FORT;14.679667;-60.925500;16;2024071713;0.0;5.1;80;30.7;72;14
ROBERT-PTE FORT;14.679667;-60.925500;16;2024071714;0.0;3.5;80;30.9;75;52
ROBERT-PTE FORT;14.679667;-60.925500;16;2024071715;0.0;4.0;70;30.6;74;103
ROBERT-PTE FORT;14.679667;-60.925500;16;2024071716;0.0;3.8;60;31.0;71;42
ROBERT-PTE FORT;14.679667;-60.925500;16;2024071717;0.0;3.1;50;30.6;74;35
ROBERT-PTE FORT;14.679667;-60.925500;16;2024071718;0.0;3.5;50;29.3;81;12
ROBERT-PTE FORT;14.679667;-60.925500;16;2024071719;0.0;3.4;70;28.5;84;0
ROBERT-PTE FORT;14.679667;-60.925500;16;2024071720;0.0;5.7;70;28.7;83;0
ROBERT-PTE FORT;14.679667;-60.925500;16;2024071721;0.0;5.4;70;28.9;83;0
ROBERT-PTE FORT;14.679667;-60.925500;16;2024071722;0.0;5.1;60;28.8;82;0
ROBERT-PTE FORT;14.679667;-60.925500;16;2024071723;0.0;5.0;60;28.6;83;0
ROBERT-PTE FORT;14.679667;-60.925500;16;2024071800;0.0;6.2;60;28.8;83;0
ROBERT-PTE FORT;14.679667;-60.925500;16;2024071801;1.8;3.0;50;26.7;91;0
ROBERT-PTE FORT;14.679667;-60.925500;16;2024071802;0.0;1.5;360;26.6;93;0
ROBERT-PTE FORT;14.679667;-60.925500;16;2024071803;0.0;3.3;60;27.2;92;0
ROBERT-PTE FORT;14.679667;-60.925500;16;2024071804;0.0;3.8;70;27.7;90;0
ROBERT-PTE FORT;14.679667;-60.925500;16;2024071805;0.0;4.9;60;27.6;86;0
ROBERT-PTE FORT;14.679667;-60.925500;16;2024071806;0.0;5.6;50;28.1;87;0
ROBERT-PTE FORT;14.679667;-60.925500;16;2024071807;0.0;6.0;70;27.7;82;2
ROBERT-PTE FORT;14.679667;-60.925500;16;2024071808;0.2;3.5;50;28.2;83;12
ROBERT-PTE FORT;14.679667;-60.925500;16;2024071809;0.0;4.4;80;29.4;79;22
ROBERT-PTE FORT;14.679667;-60.925500;16;2024071810;0.0;3.8;70;31.4;78;64
ROBERT-PTE FORT;14.679667;-60.925500;16;2024071811;6.8;1.4;260;27.8;87;123
ROBERT-PTE FORT;14.679667;-60.925500;16;2024071812;0.0;1.5;100;30.8;74;145
ROBERT-PTE FORT;14.679667;-60.925500;16;2024071813;0.0;4.6;60;31.8;72;195
ROBERT-PTE FORT;14.679667;-60.925500;16;2024071814;0.0;4.9;70;31.0;75;204
ROBERT-PTE FORT;14.679667;-60.925500;16;2024071815;0.0;4.4;80;30.9;74;286
ROBERT-PTE FORT;14.679667;-60.925500;16;2024071816;0.0;5.2;60;30.7;76;112
ROBERT-PTE FORT;14.679667;-60.925500;16;2024071817;0.0;5.7;80;29.5;77;46
ROBERT-PTE FORT;14.679667;-60.925500;16;2024071818;0.0;7.7;60;28.6;78;33
ROBERT-PTE FORT;14.679667;-60.925500;16;2024071819;0.0;6.3;90;28.7;81;3
ROBERT-PTE FORT;14.679667;-60.925500;16;2024071820;0.0;3.1;110;28.7;76;0
ROBERT-PTE FORT;14.679667;-60.925500;16;2024071821;0.2;2.0;180;27.2;83;0
ROBERT-PTE FORT;14.679667;-60.925500;16;2024071822;0.0;4.8;160;27.4;86;0
ROBERT-PTE FORT;14.679667;-60.925500;16;2024071823;2.8;1.4;190;26.7;88;0
ROBERT-PTE FORT;14.679667;-60.925500;16;2024071900;4.2;6.8;100;25.9;88;0
ROBERT-PTE FORT;14.679667;-60.925500;16;2024071901;7.8;0.9;280;24.8;93;0
ROBERT-PTE FORT;14.679667;-60.925500;16;2024071902;0.2;4.0;80;27.3;92;0
ROBERT-PTE FORT;14.679667;-60.925500;16;2024071903;0.0;6.2;90;28.9;80;0
ROBERT-PTE FORT;14.679667;-60.925500;16;2024071904;0.0;5.4;70;27.5;87;0
ROBERT-PTE FORT;14.679667;-60.925500;16;2024071905;0.0;6.5;80;28.4;84;0
ROBERT-PTE FORT;14.679667;-60.925500;16;2024071906;0.0;3.6;100;28.4;82;1
ROBERT-PTE FORT;14.679667;-60.925500;16;2024071907;0.0;7.4;90;29.2;80;28
ROBERT-PTE FORT;14.679667;-60.925500;16;2024071908;0.0;8.6;80;30.1;77;120
ROBERT-PTE FORT;14.679667;-60.925500;16;2024071909;0.0;7.1;80;30.4;76;160
ROBERT-PTE FORT;14.679667;-60.925500;16;2024071910;0.2;7.1;90;29.4;77;229
ROBERT-PTE FORT;14.679667;-60.925500;16;2024071911;1.2;2.9;110;29.7;77;305
ROBERT-PTE FORT;14.679667;-60.925500;16;2024071912;0.0;5.2;100;30.0;76;342
ROBERT-PTE FORT;14.679667;-60.925500;16;2024071913;0.4;4.5;130;29.2;76;338
ROBERT-PTE FORT;14.679667;-60.925500;16;2024071914;0.0;3.3;100;29.7;75;336
ROBERT-PTE FORT;14.679667;-60.925500;16;2024071915;0.0;6.3;90;30.5;72;243
ROBERT-PTE FORT;14.679667;-60.925500;16;2024071916;0.4;6.8;50;30.5;78;183
ROBERT-PTE FORT;14.679667;-60.925500;16;2024071917;2.2;3.7;30;26.1;92;105
ROBERT-PTE FORT;14.679667;-60.925500;16;2024071918;0.8;1.6;90;26.8;91;20
ROBERT-PTE FORT;14.679667;-60.925500;16;2024071919;0.0;2.5;40;27.1;93;2
ROBERT-PTE FORT;14.679667;-60.925500;16;2024071920;0.0;4.9;50;27.8;92;0
ROBERT-PTE FORT;14.679667;-60.925500;16;2024071921;0.0;7.1;60;28.7;85;0
ROBERT-PTE FORT;14.679667;-60.925500;16;2024071922;0.6;7.2;70;28.2;88;0
ROBERT-PTE FORT;14.679667;-60.925500;16;2024071923;0.0;7.6;60;29.0;86;0
ROBERT-PTE FORT;14.679667;-60.925500;16;2024072000;0.0;9.2;60;29.0;83;0
ROBERT-PTE FORT;14.679667;-60.925500;16;2024072001;0.0;8.3;60;28.8;85;0
ROBERT-PTE FORT;14.679667;-60.925500;16;2024072002;0.0;6.7;60;28.3;87;0
ROBERT-PTE FORT;14.679667;-60.925500;16;2024072003;0.6;8.3;60;27.9;88;0
ROBERT-PTE FORT;14.679667;-60.925500;16;2024072004;0.0;10.4;70;28.7;82;0
ROBERT-PTE FORT;14.679667;-60.925500;16;2024072005;0.0;10.0;70;28.8;82;0
ROBERT-PTE FORT;14.679667;-60.925500;16;2024072006;0.0;9.8;70;28.8;83;0
ROBERT-PTE FORT;14.679667;-60.925500;16;2024072007;0.0;9.1;70;29.4;80;25
ROBERT-PTE FORT;14.679667;-60.925500;16;2024072008;0.0;9.2;60;30.1;76;93
ROBERT-PTE FORT;14.679667;-60.925500;16;2024072009;0.0;9.0;60;30.8;73;187
ROBERT-PTE FORT;14.679667;-60.925500;16;2024072010;0.0;9.0;70;31.7;71;246
ROBERT-PTE FORT;14.679667;-60.925500;16;2024072011;0.0;9.8;70;31.9;69;307
ROBERT-PTE FORT;14.679667;-60.925500;16;2024072012;0.0;9.4;50;31.8;71;348
ROBERT-PTE FORT;14.679667;-60.925500;16;2024072013;0.0;9.9;50;31.3;70;340
ROBERT-PTE FORT;14.679667;-60.925500;16;2024072014;0.0;7.5;70;32.1;70;309
ROBERT-PTE FORT;14.679667;-60.925500;16;2024072015;0.0;7.8;60;32.1;68;218
ROBERT-PTE FORT;14.679667;-60.925500;16;2024072016;0.0;6.8;50;31.3;70;137
ROBERT-PTE FORT;14.679667;-60.925500;16;2024072017;0.0;6.5;50;30.1;74;99
ROBERT-PTE FORT;14.679667;-60.925500;16;2024072018;0.0;7.3;40;29.7;77;22
ROBERT-PTE FORT;14.679667;-60.925500;16;2024072019;0.0;7.6;40;29.5;78;1
ROBERT-PTE FORT;14.679667;-60.925500;16;2024072020;0.0;8.8;40;29.4;78;0
ROBERT-PTE FORT;14.679667;-60.925500;16;2024072021;0.0;9.4;40;29.4;80;0
ROBERT-PTE FORT;14.679667;-60.925500;16;2024072022;0.0;9.1;50;29.5;76;0
ROBERT-PTE FORT;14.679667;-60.925500;16;2024072023;0.0;9.9;40;29.4;80;0
ROBERT-PTE FORT;14.679667;-60.925500;16;2024072100;0.0;10.4;40;29.1;79;0
ROBERT-PTE FORT;14.679667;-60.925500;16;2024072101;0.0;8.8;50;29.0;81;0
ROBERT-PTE FORT;14.679667;-60.925500;16;2024072102;0.0;8.6;50;28.9;79;0
ROBERT-PTE FORT;14.679667;-60.925500;16;2024072103;0.0;9.0;50;28.8;78;0
ROBERT-PTE FORT;14.679667;-60.925500;16;2024072104;0.0;9.0;40;28.8;79;0
ROBERT-PTE FORT;14.679667;-60.925500;16;2024072105;0.0;8.1;50;28.7;77;0
ROBERT-PTE FORT;14.679667;-60.925500;16;2024072106;0.0;9.7;40;28.8;79;0
ROBERT-PTE FORT;14.679667;-60.925500;16;2024072107;0.0;8.9;40;29.4;74;7
ROBERT-PTE FORT;14.679667;-60.925500;16;2024072108;0.0;9.2;60;30.4;72;16
ROBERT-PTE FORT;14.679667;-60.925500;16;2024072109;0.0;9.0;50;30.9;71;45
ROBERT-PTE FORT;14.679667;-60.925500;16;2024072110;0.0;9.9;60;31.1;68;54
ROBERT-PTE FORT;14.679667;-60.925500;16;2024072111;0.0;9.3;60;31.8;66;36
ROBERT-PTE FORT;14.679667;-60.925500;16;2024072112;0.0;7.9;70;32.0;69;28
ROBERT-PTE FORT;14.679667;-60.925500;16;2024072113;0.0;8.5;60;31.9;66;83
ROBERT-PTE FORT;14.679667;-60.925500;16;2024072114;0.0;8.4;60;31.9;69;146
ROBERT-PTE FORT;14.679667;-60.925500;16;2024072115;0.0;8.8;60;31.7;67;167
ROBERT-PTE FORT;14.679667;-60.925500;16;2024072116;0.0;7.3;50;31.5;70;142
ROBERT-PTE FORT;14.679667;-60.925500;16;2024072117;0.2;5.1;70;29.1;79;57
ROBERT-PTE FORT;14.679667;-60.925500;16;2024072118;0.0;8.0;60;29.2;75;19
ROBERT-PTE FORT;14.679667;-60.925500;16;2024072119;0.0;7.7;60;29.1;79;1
ROBERT-PTE FORT;14.679667;-60.925500;16;2024072120;0.0;8.2;60;29.1;78;0
ROBERT-PTE FORT;14.679667;-60.925500;16;2024072121;0.0;7.1;60;28.8;80;0
ROBERT-PTE FORT;14.679667;-60.925500;16;2024072122;0.0;8.2;80;28.4;81;0
ROBERT-PTE FORT;14.679667;-60.925500;16;2024072123;1.0;5.2;80;27.3;81;0
ROBERT-PTE FORT;14.679667;-60.925500;16;2024072200;0.0;8.6;70;28.4;80;0
ROBERT-PTE FORT;14.679667;-60.925500;16;2024072201;0.0;8.6;80;28.7;77;0
ROBERT-PTE FORT;14.679667;-60.925500;16;2024072202;0.0;7.7;80;28.6;77;0
ROBERT-PTE FORT;14.679667;-60.925500;16;2024072203;0.0;8.7;80;28.1;79;0
ROBERT-PTE FORT;14.679667;-60.925500;16;2024072204;2.4;6.4;60;27.2;83;0
ROBERT-PTE FORT;14.679667;-60.925500;16;2024072205;0.0;7.2;90;28.6;74;0
ROBERT-PTE FORT;14.679667;-60.925500;16;2024072206;0.0;7.3;80;28.6;78;0
ROBERT-PTE FORT;14.679667;-60.925500;16;2024072207;0.0;6.9;90;29.6;70;22
ROBERT-PTE FORT;14.679667;-60.925500;16;2024072208;0.0;7.7;80;30.7;70;65
ROBERT-PTE FORT;14.679667;-60.925500;16;2024072209;0.0;8.4;80;30.4;69;197
ROBERT-PTE FORT;14.679667;-60.925500;16;2024072210;0.0;6.7;90;30.3;69;258
ROBERT-PTE FORT;14.679667;-60.925500;16;2024072211;0.0;5.8;90;30.4;66;324
ROBERT-PTE FORT;14.679667;-60.925500;16;2024072212;0.2;8.1;80;30.8;72;353
ROBERT-PTE FORT;14.679667;-60.925500;16;2024072213;0.0;7.7;90;30.2;72;353
ROBERT-PTE FORT;14.679667;-60.925500;16;2024072214;0.0;7.5;80;31.2;70;330
ROBERT-PTE FORT;14.679667;-60.925500;16;2024072215;0.0;7.4;90;30.4;70;272
ROBERT-PTE FORT;14.679667;-60.925500;16;2024072216;0.0;7.4;90;30.3;69;200
ROBERT-PTE FORT;14.679667;-60.925500;16;2024072217;0.0;7.6;80;30.2;69;86
ROBERT-PTE FORT;14.679667;-60.925500;16;2024072218;0.0;7.7;80;29.3;74;17
ROBERT-PTE FORT;14.679667;-60.925500;16;2024072219;0.0;7.3;70;29.0;75;1
ROBERT-PTE FORT;14.679667;-60.925500;16;2024072220;0.0;7.9;80;28.9;74;0
ROBERT-PTE FORT;14.679667;-60.925500;16;2024072221;0.0;8.0;70;29.0;73;0
ROBERT-PTE FORT;14.679667;-60.925500;16;2024072222;0.0;7.5;80;29.0;73;0
ROBERT-PTE FORT;14.679667;-60.925500;16;2024072223;0.0;7.2;80;29.0;76;0
ROBERT-PTE FORT;14.679667;-60.925500;16;2024072300;0.0;6.3;70;28.6;78;0
ROBERT-PTE FORT;14.679667;-60.925500;16;2024072301;0.2;8.6;80;28.8;77;0
ROBERT-PTE FORT;14.679667;-60.925500;16;2024072302;0.0;7.6;70;28.6;78;0
ROBERT-PTE FORT;14.679667;-60.925500;16;2024072303;0.0;8.4;80;28.8;78;0
ROBERT-PTE FORT;14.679667;-60.925500;16;2024072304;0.0;7.2;70;28.6;76;0
ROBERT-PTE FORT;14.679667;-60.925500;16;2024072305;0.0;8.1;70;28.6;76;0
ROBERT-PTE FORT;14.679667;-60.925500;16;2024072306;0.2;8.3;60;28.5;80;0
ROBERT-PTE FORT;14.679667;-60.925500;16;2024072307;0.2;9.2;60;29.8;75;17
ROBERT-PTE FORT;14.679667;-60.925500;16;2024072308;0.0;9.1;80;30.3;73;87
ROBERT-PTE FORT;14.679667;-60.925500;16;2024072309;0.0;8.6;80;30.7;69;187
ROBERT-PTE FORT;14.679667;-60.925500;16;2024072310;0.0;8.4;80;31.5;72;226
ROBERT-PTE FORT;14.679667;-60.925500;16;2024072311;0.0;9.4;80;31.9;68;274
ROBERT-PTE FORT;14.679667;-60.925500;16;2024072312;1.0;9.1;90;27.9;83;342
ROBERT-PTE FORT;14.679667;-60.925500;16;2024072313;0.0;6.3;90;29.6;74;335
ROBERT-PTE FORT;14.679667;-60.925500;16;2024072314;0.0;6.0;100;29.8;75;298
ROBERT-PTE FORT;14.679667;-60.925500;16;2024072315;0.0;7.2;90;29.3;79;261
ROBERT-PTE FORT;14.679667;-60.925500;16;2024072316;0.0;7.1;90;29.4;74;202
ROBERT-PTE FORT;14.679667;-60.925500;16;2024072317;0.0;7.3;90;29.7;75;68
ROBERT-PTE FORT;14.679667;-60.925500;16;2024072318;0.0;7.0;100;29.3;76;21
ROBERT-PTE FORT;14.679667;-60.925500;16;2024072319;0.0;8.3;80;29.2;77;1
ROBERT-PTE FORT;14.679667;-60.925500;16;2024072320;0.0;7.5;80;29.0;81;0
ROBERT-PTE FORT;14.679667;-60.925500;16;2024072321;4.7;7.2;70;26.8;92;0
ROBERT-PTE FORT;14.679667;-60.925500;16;2024072322;0.0;9.0;80;28.8;81;0
ROBERT-PTE FORT;14.679667;-60.925500;16;2024072323;0.0;8.4;60;28.0;83;0
ROBERT-PTE FORT;14.679667;-60.925500;16;2024072400;0.0;7.7;90;28.9;80;0
ROBERT-PTE FORT;14.679667;-60.925500;16;2024072401;2.4;5.3;110;27.6;85;0
ROBERT-PTE FORT;14.679667;-60.925500;16;2024072402;0.0;9.1;90;29.0;78;0
ROBERT-PTE FORT;14.679667;-60.925500;16;2024072403;0.0;9.2;80;28.9;79;0
ROBERT-PTE FORT;14.679667;-60.925500;16;2024072404;1.2;7.7;90;28.6;79;0
ROBERT-PTE FORT;14.679667;-60.925500;16;2024072405;0.0;6.3;90;29.1;76;0
ROBERT-PTE FORT;14.679667;-60.925500;16;2024072406;0.6;3.5;100;27.5;83;0
ROBERT-PTE FORT;14.679667;-60.925500;16;2024072407;0.0;7.9;90;29.3;79;25
ROBERT-PTE FORT;14.679667;-60.925500;16;2024072408;0.0;8.9;70;30.9;74;118
ROBERT-PTE FORT;14.679667;-60.925500;16;2024072409;0.0;8.1;80;30.9;73;204
ROBERT-PTE FORT;14.679667;-60.925500;16;2024072410;0.0;7.7;80;30.4;76;273
ROBERT-PTE FORT;14.679667;-60.925500;16;2024072411;0.0;8.1;80;31.5;72;339
ROBERT-PTE FORT;14.679667;-60.925500;16;2024072412;0.0;8.6;70;32.0;69;317
ROBERT-PTE FORT;14.679667;-60.925500;16;2024072413;0.0;8.8;70;32.1;70;315
ROBERT-PTE FORT;14.679667;-60.925500;16;2024072414;0.0;8.3;70;31.9;70;324
ROBERT-PTE FORT;14.679667;-60.925500;16;2024072415;0.0;8.1;60;31.9;65;250
ROBERT-PTE FORT;14.679667;-60.925500;16;2024072416;0.0;8.5;60;31.3;67;194
ROBERT-PTE FORT;14.679667;-60.925500;16;2024072417;0.0;8.0;60;30.6;70;93
ROBERT-PTE FORT;14.679667;-60.925500;16;2024072418;0.0;8.0;50;29.5;74;20
ROBERT-PTE FORT;14.679667;-60.925500;16;2024072419;0.0;8.4;50;29.3;77;1
ROBERT-PTE FORT;14.679667;-60.925500;16;2024072420;0.0;10.0;40;29.4;77;0
ROBERT-PTE FORT;14.679667;-60.925500;16;2024072421;0.4;6.5;30;28.9;81;0
ROBERT-PTE FORT;14.679667;-60.925500;16;2024072422;0.6;10.3;40;29.1;83;0
ROBERT-PTE FORT;14.679667;-60.925500;16;2024072423;0.2;10.6;60;29.2;83;0
ROBERT-PTE FORT;14.679667;-60.925500;16;2024072500;0.0;10.6;70;29.0;80;0
ROBERT-PTE FORT;14.679667;-60.925500;16;2024072501;0.0;10.3;60;29.0;80;0
ROBERT-PTE FORT;14.679667;-60.925500;16;2024072502;0.0;11.0;60;28.9;78;0
ROBERT-PTE FORT;14.679667;-60.925500;16;2024072503;0.0;9.0;60;28.7;78;0
ROBERT-PTE FORT;14.679667;-60.925500;16;2024072504;0.0;8.8;60;28.9;80;0
ROBERT-PTE FORT;14.679667;-60.925500;16;2024072505;0.0;9.7;60;28.9;79;0
ROBERT-PTE FORT;14.679667;-60.925500;16;2024072506;0.0;9.9;60;28.8;80;0
ROBERT-PTE FORT;14.679667;-60.925500;16;2024072507;0.0;8.0;70;29.5;78;24
ROBERT-PTE FORT;14.679667;-60.925500;16;2024072508;0.0;8.9;60;30.7;74;96
ROBERT-PTE FORT;14.679667;-60.925500;16;2024072509;0.0;8.9;70;31.4;74;181
ROBERT-PTE FORT;14.679667;-60.925500;16;2024072510;0.0;8.6;70;32.2;70;239
ROBERT-PTE FORT;14.679667;-60.925500;16;2024072511;0.0;7.7;70;31.8;72;311
ROBERT-PTE FORT;14.679667;-60.925500;16;2024072512;0.0;8.5;70;31.8;76;305
ROBERT-PTE FORT;14.679667;-60.925500;16;2024072513;0.0;10.6;70;30.9;75;349
ROBERT-PTE FORT;14.679667;-60.925500;16;2024072514;0.0;9.2;70;31.6;74;235
ROBERT-PTE FORT;14.679667;-60.925500;16;2024072515;0.0;9.6;70;31.7;72;203
ROBERT-PTE FORT;14.679667;-60.925500;16;2024072516;0.0;9.0;70;31.1;74;196
ROBERT-PTE FORT;14.679667;-60.925500;16;2024072517;0.0;8.6;70;30.5;76;99
ROBERT-PTE FORT;14.679667;-60.925500;16;2024072518;0.0;9.7;70;29.8;78;24
ROBERT-PTE FORT;14.679667;-60.925500;16;2024072519;0.0;9.0;70;29.5;79;2
ROBERT-PTE FORT;14.679667;-60.925500;16;2024072520;0.0;8.8;70;29.5;80;0
ROBERT-PTE FORT;14.679667;-60.925500;16;2024072521;0.0;8.6;60;29.3;79;0
ROBERT-PTE FORT;14.679667;-60.925500;16;2024072522;0.0;7.8;70;29.3;80;0
ROBERT-PTE FORT;14.679667;-60.925500;16;2024072523;0.0;8.4;70;29.3;81;0
ROBERT-PTE FORT;14.679667;-60.925500;16;2024072600;0.0;7.4;60;29.2;81;0
ROBERT-PTE FORT;14.679667;-60.925500;16;2024072601;0.0;7.6;70;29.0;81;0
ROBERT-PTE FORT;14.679667;-60.925500;16;2024072602;0.0;7.5;60;28.9;81;0
ROBERT-PTE FORT;14.679667;-60.925500;16;2024072603;0.0;8.0;60;28.9;83;0
ROBERT-PTE FORT;14.679667;-60.925500;16;2024072604;1.6;9.0;60;28.1;89;0
ROBERT-PTE FORT;14.679667;-60.925500;16;2024072605;0.2;6.8;60;28.3;90;0
ROBERT-PTE FORT;14.679667;-60.925500;16;2024072606;1.0;8.3;80;28.1;91;0
ROBERT-PTE FORT;14.679667;-60.925500;16;2024072607;0.2;9.0;70;28.6;87;5
ROBERT-PTE FORT;14.679667;-60.925500;16;2024072608;1.0;9.0;60;29.7;79;20
ROBERT-PTE FORT;14.679667;-60.925500;16;2024072609;0.0;9.5;60;30.7;77;64
ROBERT-PTE FORT;14.679667;-60.925500;16;2024072610;0.2;11.0;50;28.6;82;168
ROBERT-PTE FORT;14.679667;-60.925500;16;2024072611;0.0;9.6;70;31.1;78;166
ROBERT-PTE FORT;14.679667;-60.925500;16;2024072612;1.4;9.2;70;27.2;90;24
ROBERT-PTE FORT;14.679667;-60.925500;16;2024072613;0.4;10.1;50;27.9;83;14
ROBERT-PTE FORT;14.679667;-60.925500;16;2024072614;0.0;5.9;60;31.6;77;52
ROBERT-PTE FORT;14.679667;-60.925500;16;2024072615;0.0;6.8;80;30.9;76;103
ROBERT-PTE FORT;14.679667;-60.925500;16;2024072616;0.0;7.6;70;30.9;74;42
ROBERT-PTE FORT;14.679667;-60.925500;16;2024072617;0.0;7.6;70;30.0;78;35
ROBERT-PTE FORT;14.679667;-60.925500;16;2024072618;0.0;7.7;70;29.4;80;12
ROBERT-PTE FORT;14.679667;-60.925500;16;2024072619;0.0;7.9;60;29.0;79;0
ROBERT-PTE FORT;14.679667;-60.925500;16;2024072620;0.0;6.9;70;29.0;81;0
ROBERT-PTE FORT;14.679667;-60.925500;16;2024072621;0.0;8.3;80;29.2;77;0
ROBERT-PTE FORT;14.679667;-60.925500;16;2024072622;0.0;7.1;70;28.9;79;0
ROBERT-PTE FORT;14.679667;-60.925500;16;2024072623;0.0;6.6;70;28.9;80;0
ROBERT-PTE FORT;14.679667;-60.925500;16;2024072700;0.0;6.5;60;28.9;79;0
ROBERT-PTE FORT;14.679667;-60.925500;16;2024072701;0.4;9.3;60;27.4;77;0
ROBERT-PTE FORT;14.679667;-60.925500;16;2024072702;1.6;2.0;50;25.9;87;0
ROBERT-PTE FORT;14.679667;-60.925500;16;2024072703;0.0;4.8;60;26.9;91;0
ROBERT-PTE FORT;14.679667;-60.925500;16;2024072704;0.0;6.1;40;28.3;82;0
ROBERT-PTE FORT;14.679667;-60.925500;16;2024072705;0.0;7.2;60;28.3;79;0
ROBERT-PTE FORT;14.679667;-60.925500;16;2024072706;0.0;6.3;70;28.3;80;0
ROBERT-PTE FORT;14.679667;-60.925500;16;2024072707;0.0;4.9;60;29.3;77;2
ROBERT-PTE FORT;14.679667;-60.925500;16;2024072708;0.0;5.0;60;31.0;72;12
ROBERT-PTE FORT;14.679667;-60.925500;16;2024072709;0.0;5.8;50;30.7;71;22
ROBERT-PTE FORT;14.679667;-60.925500;16;2024072710;0.0;5.3;60;32.0;67;64
ROBERT-PTE FORT;14.679667;-60.925500;16;2024072711;0.0;5.4;70;32.6;66;123
ROBERT-PTE FORT;14.679667;-60.925500;16;2024072712;0.0;6.0;60;32.0;66;145
ROBERT-PTE FORT;14.679667;-60.925500;16;2024072713;0.0;5.6;60;33.2;65;195
ROBERT-PTE FORT;14.679667;-60.925500;16;2024072714;0.0;5.4;60;32.5;65;204
ROBERT-PTE FORT;14.679667;-60.925500;16;2024072715;0.0;5.9;50;31.9;68;286
ROBERT-PTE FORT;14.679667;-60.925500;16;2024072716;0.0;6.9;50;30.7;69;112
ROBERT-PTE FORT;14.679667;-60.925500;16;2024072717;0.0;6.7;40;30.1;71;46
ROBERT-PTE FORT;14.679667;-60.925500;16;2024072718;0.0;6.2;40;29.4;75;33
ROBERT-PTE FORT;14.679667;-60.925500;16;2024072719;0.0;6.5;50;29.2;73;3
ROBERT-PTE FORT;14.679667;-60.925500;16;2024072720;0.0;7.6;50;29.2;76;0
ROBERT-PTE FORT;14.679667;-60.925500;16;2024072721;0.0;7.2;50;29.1;75;0
ROBERT-PTE FORT;14.679667;-60.925500;16;2024072722;0.0;6.6;50;29.0;77;0
ROBERT-PTE FORT;14.679667;-60.925500;16;2024072723;0.0;7.7;50;29.0;77;0
ROBERT-PTE FORT;14.679667;-60.925500;16;2024072800;0.4;7.8;60;28.4;81;0
ROBERT-PTE FORT;14.679667;-60.925500;16;2024072801;0.0;8.2;60;28.4;75;0
ROBERT-PTE FORT;14.679667;-60.925500;16;2024072802;0.0;6.9;70;28.4;80;0
ROBERT-PTE FORT;14.679667;-60.925500;16;2024072803;0.0;7.9;80;28.6;78;0
ROBERT-PTE FORT;14.679667;-60.925500;16;2024072804;0.0;7.0;70;28.6;78;0
ROBERT-PTE FORT;14.679667;-60.925500;16;2024072805;0.0;7.3;80;28.5;75;0
ROBERT-PTE FORT;14.679667;-60.925500;16;2024072806;0.0;6.3;80;28.6;78;1
ROBERT-PTE FORT;14.679667;-60.925500;16;2024072807;0.0;7.3;90;29.6;71;28
ROBERT-PTE FORT;14.679667;-60.925500;16;2024072808;0.0;6.4;90;30.3;72;120
ROBERT-PTE FORT;14.679667;-60.925500;16;2024072809;0.0;5.7;90;30.6;67;160
ROBERT-PTE FORT;14.679667;-60.925500;16;2024072810;0.0;5.2;90;30.5;71;229
ROBERT-PTE FORT;14.679667;-60.925500;16;2024072811;0.0;5.9;90;30.8;73;305
ROBERT-PTE FORT;14.679667;-60.925500;16;2024072812;0.0;6.0;80;31.2;67;342
ROBERT-PTE FORT;14.679667;-60.925500;16;2024072813;0.0;4.9;100;30.6;69;338
ROBERT-PTE FORT;14.679667;-60.925500;16;2024072814;0.0;4.5;100;30.9;69;336
ROBERT-PTE FORT;14.679667;-60.925500;16;2024072815;0.0;6.5;80;31.0;72;243
ROBERT-PTE FORT;14.679667;-60.925500;16;2024072816;0.0;6.1;90;30.6;71;183
ROBERT-PTE FORT;14.679667;-60.925500;16;2024072817;0.0;5.9;80;29.8;71;105
ROBERT-PTE FORT;14.679667;-60.925500;16;2024072818;0.0;5.9;70;29.4;75;20
ROBERT-PTE FORT;14.679667;-60.925500;16;2024072819;0.0;5.6;80;29.0;77;2
ROBERT-PTE FORT;14.679667;-60.925500;16;2024072820;0.0;6.3;80;29.0;78;0
ROBERT-PTE FORT;14.679667;-60.925500;16;2024072821;0.0;6.4;70;28.9;79;0
ROBERT-PTE FORT;14.679667;-60.925500;16;2024072822;0.0;6.7;70;28.9;78;0
ROBERT-PTE FORT;14.679667;-60.925500;16;2024072823;0.0;7.5;80;28.9;77;0
ROBERT-PTE FORT;14.679667;-60.925500;16;2024072900;0.2;8.5;70;28.7;78;0
ROBERT-PTE FORT;14.679667;-60.925500;16;2024072901;0.0;6.9;80;28.7;77;0
ROBERT-PTE FORT;14.679667;-60.925500;16;2024072902;0.0;7.9;80;28.7;76;0
ROBERT-PTE FORT;14.679667;-60.925500;16;2024072903;0.0;7.6;90;28.8;77;0
ROBERT-PTE FORT;14.679667;-60.925500;16;2024072904;0.0;7.7;90;28.8;76;0
ROBERT-PTE FORT;14.679667;-60.925500;16;2024072905;0.0;6.8;90;28.8;75;0
ROBERT-PTE FORT;14.679667;-60.925500;16;2024072906;0.0;7.6;80;28.8;74;0
ROBERT-PTE FORT;14.679667;-60.925500;16;2024072907;0.0;7.1;90;29.7;70;25
ROBERT-PTE FORT;14.679667;-60.925500;16;2024072908;0.0;6.4;80;30.3;68;93
ROBERT-PTE FORT;14.679667;-60.925500;16;2024072909;0.0;5.2;90;30.3;69;187
ROBERT-PTE FORT;14.679667;-60.925500;16;2024072910;0.0;6.5;90;31.0;69;246
ROBERT-PTE FORT;14.679667;-60.925500;16;2024072911;0.0;6.8;90;30.9;66;307
ROBERT-PTE FORT;14.679667;-60.925500;16;2024072912;0.0;5.4;90;30.6;70;348
ROBERT-PTE FORT;14.679667;-60.925500;16;2024072913;0.0;6.7;80;31.2;67;340
ROBERT-PTE FORT;14.679667;-60.925500;16;2024072914;0.0;6.4;90;30.9;68;309
ROBERT-PTE FORT;14.679667;-60.925500;16;2024072915;0.0;6.7;80;31.1;69;218
ROBERT-PTE FORT;14.679667;-60.925500;16;2024072916;0.0;6.4;80;31.0;70;137
ROBERT-PTE FORT;14.679667;-60.925500;16;2024072917;0.0;7.3;90;29.8;72;99
ROBERT-PTE FORT;14.679667;-60.925500;16;2024072918;0.0;7.1;70;29.5;76;22
ROBERT-PTE FORT;14.679667;-60.925500;16;2024072919;0.0;7.0;80;29.3;78;1
ROBERT-PTE FORT;14.679667;-60.925500;16;2024072920;0.0;7.5;80;29.2;78;0
ROBERT-PTE FORT;14.679667;-60.925500;16;2024072921;0.0;7.5;80;29.2;78;0
ROBERT-PTE FORT;14.679667;-60.925500;16;2024072922;0.0;7.3;70;29.0;76;0
ROBERT-PTE FORT;14.679667;-60.925500;16;2024072923;0.0;6.8;80;29.0;76;0
ROBERT-PTE FORT;14.679667;-60.925500;16;2024073000;0.0;7.0;70;28.8;77;0
ROBERT-PTE FORT;14.679667;-60.925500;16;2024073001;0.0;6.1;90;29.0;75;0
ROBERT-PTE FORT;14.679667;-60.925500;16;2024073002;0.0;6.0;90;28.8;78;0
ROBERT-PTE FORT;14.679667;-60.925500;16;2024073003;0.0;5.1;80;28.6;76;0
ROBERT-PTE FORT;14.679667;-60.925500;16;2024073004;0.0;4.8;80;28.5;75;0
ROBERT-PTE FORT;14.679667;-60.925500;16;2024073005;0.0;5.0;70;28.3;78;0
ROBERT-PTE FORT;14.679667;-60.925500;16;2024073006;0.0;3.7;60;28.2;78;0
ROBERT-PTE FORT;14.679667;-60.925500;16;2024073007;0.0;3.9;60;30.1;72;7
ROBERT-PTE FORT;14.679667;-60.925500;16;2024073008;0.0;4.0;80;31.3;69;16
ROBERT-PTE FORT;14.679667;-60.925500;16;2024073009;0.0;4.6;80;31.1;71;45
ROBERT-PTE FORT;14.679667;-60.925500;16;2024073010;0.0;3.5;80;31.6;69;54
ROBERT-PTE FORT;14.679667;-60.925500;16;2024073011;0.0;3.6;60;32.9;63;36
ROBERT-PTE FORT;14.679667;-60.925500;16;2024073012;0.0;4.5;70;33.2;64;28
ROBERT-PTE FORT;14.679667;-60.925500;16;2024073013;0.0;2.8;80;31.6;72;83
ROBERT-PTE FORT;14.679667;-60.925500;16;2024073014;0.0;5.2;40;28.9;74;146
ROBERT-PTE FORT;14.679667;-60.925500;16;2024073015;0.0;2.5;90;30.2;71;167
ROBERT-PTE FORT;14.679667;-60.925500;16;2024073016;0.0;4.2;40;31.0;67;142
ROBERT-PTE FORT;14.679667;-60.925500;16;2024073017;0.0;4.7;60;30.4;73;57
ROBERT-PTE FORT;14.679667;-60.925500;16;2024073018;0.0;0.0;0;28.9;77;19
ROBERT-PTE FORT;14.679667;-60.925500;16;2024073019;0.0;1.1;320;28.4;83;1
ROBERT-PTE FORT;14.679667;-60.925500;16;2024073020;0.0;1.1;340;27.9;87;0
ROBERT-PTE FORT;14.679667;-60.925500;16;2024073021;0.0;1.9;360;27.7;86;0
ROBERT-PTE FORT;14.679667;-60.925500;16;2024073022;0.0;1.9;360;27.4;88;0
ROBERT-PTE FORT;14.679667;-60.925500;16;2024073023;0.0;0.0;0;26.9;89;0
ROBERT-PTE FORT;14.679667;-60.925500;16;2024073100;0.0;1.8;360;27.3;90;0
ROBERT-PTE FORT;14.679667;-60.925500;16;2024073101;0.4;0.7;350;26.1;89;0
ROBERT-PTE FORT;14.679667;-60.925500;16;2024073102;0.0;1.1;250;26.2;91;0
ROBERT-PTE FORT;14.679667;-60.925500;16;2024073103;0.0;1.7;240;26.1;92;0
ROBERT-PTE FORT;14.679667;-60.925500;16;2024073104;0.0;1.3;260;25.9;91;0
ROBERT-PTE FORT;14.679667;-60.925500;16;2024073105;0.0;1.6;270;26.0;92;0
ROBERT-PTE FORT;14.679667;-60.925500;16;2024073106;0.0;1.3;270;26.0;92;0
ROBERT-PTE FORT;14.679667;-60.925500;16;2024073107;0.0;0.7;290;26.9;90;22
ROBERT-PTE FORT;14.679667;-60.925500;16;2024073108;0.0;1.5;220;28.2;82;65
ROBERT-PTE FORT;14.679667;-60.925500;16;2024073109;0.0;1.2;210;31.0;72;197
ROBERT-PTE FORT;14.679667;-60.925500;16;2024073110;0.0;1.3;40;32.0;70;258
ROBERT-PTE FORT;14.679667;-60.925500;16;2024073111;0.0;3.8;90;30.8;64;324
ROBERT-PTE FORT;14.679667;-60.925500;16;2024073112;0.0;4.3;80;31.2;68;353
ROBERT-PTE FORT;14.679667;-60.925500;16;2024073113;0.0;4.7;90;30.9;69;353
ROBERT-PTE FORT;14.679667;-60.925500;16;2024073114;0.0;4.3;170;31.9;61;330
ROBERT-PTE FORT;14.679667;-60.925500;16;2024073115;0.0;3.6;200;32.0;59;272
ROBERT-PTE FORT;14.679667;-60.925500;16;2024073116;0.0;3.4;130;30.3;70;200
ROBERT-PTE FORT;14.679667;-60.925500;16;2024073117;0.0;4.7;140;29.6;75;86
ROBERT-PTE FORT;14.679667;-60.925500;16;2024073118;1.6;1.8;250;27.1;81;17
ROBERT-PTE FORT;14.679667;-60.925500;16;2024073119;0.0;1.1;260;26.5;87;1
ROBERT-PTE FORT;14.679667;-60.925500;16;2024073120;0.0;1.1;250;26.3;88;0
ROBERT-PTE FORT;14.679667;-60.925500;16;2024073121;0.0;1.3;240;26.8;88;0
ROBERT-PTE FORT;14.679667;-60.925500;16;2024073122;0.0;1.5;260;26.5;88;0
ROBERT-PTE FORT;14.679667;-60.925500;16;2024073123;0.0;1.6;260;26.3;89;0
ROBERT-PTE FORT;14.679667;-60.925500;16;2024080100;0.0;0.0;0;26.1;89;0
ROBERT-PTE FORT;14.679667;-60.925500;16;2024080101;0.0;0.7;340;26.3;90;0
ROBERT-PTE FORT;14.679667;-60.925500;16;2024080102;0.0;1.9;260;26.3;90;0
ROBERT-PTE FORT;14.679667;-60.925500;16;2024080103;0.0;1.1;220;26.1;90;0
ROBERT-PTE FORT;14.679667;-60.925500;16;2024080104;0.0;1.2;260;25.9;91;0
ROBERT-PTE FORT;14.679667;-60.925500;16;2024080105;0.0;1.0;240;25.7;91;0
ROBERT-PTE FORT;14.679667;-60.925500;16;2024080106;0.0;1.0;250;25.8;90;0
ROBERT-PTE FORT;14.679667;-60.925500;16;2024080107;0.0;0.6;250;27.4;86;17
ROBERT-PTE FORT;14.679667;-60.925500;16;2024080108;0.0;2.9;30;30.6;74;87
ROBERT-PTE FORT;14.679667;-60.925500;16;2024080109;0.0;3.7;50;31.5;68;187
ROBERT-PTE FORT;14.679667;-60.925500;16;2024080110;0.0;3.8;60;32.1;67;226
ROBERT-PTE FORT;14.679667;-60.925500;16;2024080111;0.0;4.2;50;32.9;70;274
ROBERT-PTE FORT;14.679667;-60.925500;16;2024080112;0.0;4.9;60;32.9;69;342
ROBERT-PTE FORT;14.679667;-60.925500;16;2024080113;0.0;4.6;50;32.9;66;335
ROBERT-PTE FORT;14.679667;-60.925500;16;2024080114;0.0;5.5;60;33.0;68;298
ROBERT-PTE FORT;14.679667;-60.925500;16;2024080115;0.0;4.5;60;32.4;66;261
ROBERT-PTE FORT;14.679667;-60.925500;16;2024080116;0.0;8.1;50;30.0;77;202
ROBERT-PTE FORT;14.679667;-60.925500;16;2024080117;0.0;4.7;50;30.7;74;68
ROBERT-PTE FORT;14.679667;-60.925500;16;2024080118;0.0;5.8;50;29.1;78;21
ROBERT-PTE FORT;14.679667;-60.925500;16;2024080119;0.4;5.9;70;28.0;87;1
ROBERT-PTE FORT;14.679667;-60.925500;16;2024080120;0.0;1.5;350;27.8;86;0
ROBERT-PTE FORT;14.679667;-60.925500;16;2024080121;0.0;3.7;80;28.0;87;0
ROBERT-PTE FORT;14.679667;-60.925500;16;2024080122;0.0;4.5;60;28.5;87;0
ROBERT-PTE FORT;14.679667;-60.925500;16;2024080123;0.0;6.5;60;29.1;85;0
ROBERT-PTE FORT;14.679667;-60.925500;16;2024080200;0.0;6.5;70;29.0;85;0
ROBERT-PTE FORT;14.679667;-60.925500;16;2024080201;0.0;4.7;50;28.5;82;0
ROBERT-PTE FORT;14.679667;-60.925500;16;2024080202;0.0;6.3;80;29.1;81;0
ROBERT-PTE FORT;14.679667;-60.925500;16;2024080203;0.0;6.6;80;28.8;82;0
ROBERT-PTE FORT;14.679667;-60.925500;16;2024080204;0.0;6.9;70;28.9;81;0
ROBERT-PTE FORT;14.679667;-60.925500;16;2024080205;0.0;5.5;80;29.0;82;0
ROBERT-PTE FORT;14.679667;-60.925500;16;2024080206;0.0;4.5;70;28.9;83;0
ROBERT-PTE FORT;14.679667;-60.925500;16;2024080207;0.0;5.6;70;29.2;82;25
ROBERT-PTE FORT;14.679667;-60.925500;16;2024080208;0.0;5.7;70;31.5;74;118
ROBERT-PTE FORT;14.679667;-60.925500;16;2024080209;0.0;6.7;70;31.6;75;204
ROBERT-PTE FORT;14.679667;-60.925500;16;2024080210;0.0;5.5;80;32.1;74;273
ROBERT-PTE FORT;14.679667;-60.925500;16;2024080211;0.0;7.5;80;31.5;74;339
ROBERT-PTE FORT;14.679667;-60.925500;16;2024080212;0.0;4.2;120;27.9;82;317
ROBERT-PTE FORT;14.679667;-60.925500;16;2024080213;0.0;2.1;70;29.7;77;315
ROBERT-PTE FORT;14.679667;-60.925500;16;2024080214;0.0;2.9;80;30.5;77;324
ROBERT-PTE FORT;14.679667;-60.925500;16;2024080215;2.6;9.4;80;27.5;83;250
ROBERT-PTE FORT;14.679667;-60.925500;16;2024080216;2.0;1.0;340;26.5;90;194
ROBERT-PTE FORT;14.679667;-60.925500;16;2024080217;0.0;0.6;330;27.3;89;93
ROBERT-PTE FORT;14.679667;-60.925500;16;2024080218;0.0;5.7;60;28.2;87;20
ROBERT-PTE FORT;14.679667;-60.925500;16;2024080219;0.0;6.2;50;28.8;84;1
ROBERT-PTE FORT;14.679667;-60.925500;16;2024080220;0.0;3.0;100;27.9;82;0
ROBERT-PTE FORT;14.679667;-60.925500;16;2024080221;0.2;3.1;30;27.3;83;0
ROBERT-PTE FORT;14.679667;-60.925500;16;2024080222;0.0;7.6;60;28.9;81;0
ROBERT-PTE FORT;14.679667;-60.925500;16;2024080223;0.0;6.7;50;28.9;77;0
ROBERT-PTE FORT;14.679667;-60.925500;16;2024080300;0.0;7.0;60;28.8;78;0
ROBERT-PTE FORT;14.679667;-60.925500;16;2024080301;0.0;6.8;60;28.8;81;0
ROBERT-PTE FORT;14.679667;-60.925500;16;2024080302;0.0;6.6;60;28.7;82;0
ROBERT-PTE FORT;14.679667;-60.925500;16;2024080303;0.0;6.4;60;28.6;79;0
ROBERT-PTE FORT;14.679667;-60.925500;16;2024080304;0.0;5.1;60;28.5;79;0
ROBERT-PTE FORT;14.679667;-60.925500;16;2024080305;0.0;5.2;60;28.4;78;0
ROBERT-PTE FORT;14.679667;-60.925500;16;2024080306;0.0;5.3;50;28.5;79;0
ROBERT-PTE FORT;14.679667;-60.925500;16;2024080307;0.0;5.7;60;29.6;78;24
ROBERT-PTE FORT;14.679667;-60.925500;16;2024080308;0.0;7.1;50;30.4;73;96
ROBERT-PTE FORT;14.679667;-60.925500;16;2024080309;0.0;7.3;50;30.8;72;181
ROBERT-PTE FORT;14.679667;-60.925500;16;2024080310;0.0;7.2;50;30.9;73;239
ROBERT-PTE FORT;14.679667;-60.925500;16;2024080311;0.0;8.0;70;32.6;69;311
ROBERT-PTE FORT;14.679667;-60.925500;16;2024080312;0.0;7.9;70;32.5;71;305
ROBERT-PTE FORT;14.679667;-60.925500;16;2024080313;0.0;8.1;80;30.6;78;349
ROBERT-PTE FORT;14.679667;-60.925500;16;2024080314;0.0;6.8;70;31.5;75;235
ROBERT-PTE FORT;14.679667;-60.925500;16;2024080315;0.0;6.8;90;29.7;78;203
ROBERT-PTE FORT;14.679667;-60.925500;16;2024080316;0.0;4.7;70;30.7;76;196
ROBERT-PTE FORT;14.679667;-60.925500;16;2024080317;6.0;5.9;80;27.1;87;99
ROBERT-PTE FORT;14.679667;-60.925500;16;2024080318;0.6;5.8;50;28.1;91;24
ROBERT-PTE FORT;14.679667;-60.925500;16;2024080319;0.0;6.7;70;28.4;87;2
ROBERT-PTE FORT;14.679667;-60.925500;16;2024080320;0.0;8.1;60;28.8;84;0
ROBERT-PTE FORT;14.679667;-60.925500;16;2024080321;0.0;8.8;70;29.1;79;0
ROBERT-PTE FORT;14.679667;-60.925500;16;2024080322;0.0;8.5;60;29.1;79;0
ROBERT-PTE FORT;14.679667;-60.925500;16;2024080323;0.0;9.1;60;29.1;78;0
ROBERT-PTE FORT;14.679667;-60.925500;16;2024080400;0.0;8.7;60;29.3;79;0
ROBERT-PTE FORT;14.679667;-60.925500;16;2024080401;0.0;12.2;50;29.5;78;0
ROBERT-PTE FORT;14.679667;-60.925500;16;2024080402;0.0;8.0;50;28.7;78;0
ROBERT-PTE FORT;14.679667;-60.925500;16;2024080403;0.0;7.8;50;28.9;81;0
ROBERT-PTE FORT;14.679667;-60.925500;16;2024080404;0.0;11.0;50;29.3;79;0
ROBERT-PTE FORT;14.679667;-60.925500;16;2024080405;0.0;11.0;50;29.3;78;0
ROBERT-PTE FORT;14.679667;-60.925500;16;2024080406;0.0;10.7;50;29.3;79;0
ROBERT-PTE FORT;14.679667;-60.925500;16;2024080407;0.0;10.4;50;29.8;76;5
ROBERT-PTE FORT;14.679667;-60.925500;16;2024080408;0.0;9.1;50;30.2;75;20
ROBERT-PTE FORT;14.679667;-60.925500;16;2024080409;0.0;10.5;50;30.8;71;64
ROBERT-PTE FORT;14.679667;-60.925500;16;2024080410;0.0;11.0;50;31.0;69;168
ROBERT-PTE FORT;14.679667;-60.925500;16;2024080411;0.0;10.3;50;31.4;70;166
ROBERT-PTE FORT;14.679667;-60.925500;16;2024080412;0.0;11.5;50;30.9;70;24
ROBERT-PTE FORT;14.679667;-60.925500;16;2024080413;0.2;9.6;50;30.1;75;14
ROBERT-PTE FORT;14.679667;-60.925500;16;2024080414;1.8;13.8;60;27.4;84;52
ROBERT-PTE FORT;14.679667;-60.925500;16;2024080415;0.2;6.8;30;28.0;89;103
ROBERT-PTE FORT;14.679667;-60.925500;16;2024080416;2.8;10.9;70;26.7;86;42
ROBERT-PTE FORT;14.679667;-60.925500;16;2024080417;7.4;2.8;120;25.1;89;35
ROBERT-PTE FORT;14.679667;-60.925500;16;2024080418;0.0;8.4;70;27.4;92;12
ROBERT-PTE FORT;14.679667;-60.925500;16;2024080419;0.0;9.1;60;28.3;86;0
ROBERT-PTE FORT;14.679667;-60.925500;16;2024080420;0.0;9.8;70;28.8;85;0
ROBERT-PTE FORT;14.679667;-60.925500;16;2024080421;0.0;10.7;70;29.0;82;0
ROBERT-PTE FORT;14.679667;-60.925500;16;2024080422;0.0;11.6;60;29.1;83;0
ROBERT-PTE FORT;14.679667;-60.925500;16;2024080423;0.4;11.9;70;27.5;88;0
ROBERT-PTE FORT;14.679667;-60.925500;16;2024080500;0.0;10.9;60;28.9;84;0
ROBERT-PTE FORT;14.679667;-60.925500;16;2024080501;0.0;12.8;70;29.3;80;0
ROBERT-PTE FORT;14.679667;-60.925500;16;2024080502;0.0;9.2;60;29.0;82;0
ROBERT-PTE FORT;14.679667;-60.925500;16;2024080503;0.0;11.6;60;29.1;78;0
ROBERT-PTE FORT;14.679667;-60.925500;16;2024080504;0.0;11.1;60;29.1;79;0
ROBERT-PTE FORT;14.679667;-60.925500;16;2024080505;0.0;11.8;60;29.3;80;0
ROBERT-PTE FORT;14.679667;-60.925500;16;2024080506;0.0;11.9;50;29.3;79;0
ROBERT-PTE FORT;14.679667;-60.925500;16;2024080507;0.4;13.3;60;28.4;86;2
ROBERT-PTE FORT;14.679667;-60.925500;16;2024080508;0.4;10.3;50;29.3;85;12
ROBERT-PTE FORT;14.679667;-60.925500;16;2024080509;0.0;12.2;60;30.2;80;22
ROBERT-PTE FORT;14.679667;-60.925500;16;2024080510;0.0;11.8;70;30.9;75;64
ROBERT-PTE FORT;14.679667;-60.925500;16;2024080511;0.0;11.6;70;30.7;78;123
ROBERT-PTE FORT;14.679667;-60.925500;16;2024080512;0.4;10.1;70;30.6;83;145
ROBERT-PTE FORT;14.679667;-60.925500;16;2024080513;2.2;5.2;150;27.4;90;195
ROBERT-PTE FORT;14.679667;-60.925500;16;2024080514;0.2;8.1;90;29.7;84;204
ROBERT-PTE FORT;14.679667;-60.925500;16;2024080515;1.8;7.1;150;28.5;87;286
ROBERT-PTE FORT;14.679667;-60.925500;16;2024080516;0.0;8.1;150;28.6;81;112
ROBERT-PTE FORT;14.679667;-60.925500;16;2024080517;0.0;5.3;140;29.2;78;46
ROBERT-PTE FORT;14.679667;-60.925500;16;2024080518;0.0;4.0;150;29.1;81;33
ROBERT-PTE FORT;14.679667;-60.925500;16;2024080519;0.0;3.0;190;28.5;84;3
ROBERT-PTE FORT;14.679667;-60.925500;16;2024080520;0.0;1.9;160;28.0;86;0
ROBERT-PTE FORT;14.679667;-60.925500;16;2024080521;0.0;0.0;0;27.5;88;0
ROBERT-PTE FORT;14.679667;-60.925500;16;2024080522;0.0;1.4;240;27.3;90;0
ROBERT-PTE FORT;14.679667;-60.925500;16;2024080523;0.0;0.7;130;27.5;90;0
ROBERT-PTE FORT;14.679667;-60.925500;16;2024080600;0.0;7.0;50;28.3;89;0
ROBERT-PTE FORT;14.679667;-60.925500;16;2024080601;0.0;6.6;40;28.3;87;0
ROBERT-PTE FORT;14.679667;-60.925500;16;2024080602;0.0;5.1;60;28.3;87;0
ROBERT-PTE FORT;14.679667;-60.925500;16;2024080603;0.0;4.6;40;28.4;85;0
ROBERT-PTE FORT;14.679667;-60.925500;16;2024080604;0.2;6.4;60;28.0;86;0
ROBERT-PTE FORT;14.679667;-60.925500;16;2024080605;0.0;5.3;50;28.5;84;0
ROBERT-PTE FORT;14.679667;-60.925500;16;2024080606;0.4;5.6;50;28.4;85;1
ROBERT-PTE FORT;14.679667;-60.925500;16;2024080607;0.0;6.7;60;29.1;80;28
ROBERT-PTE FORT;14.679667;-60.925500;16;2024080608;0.0;7.0;60;30.3;75;120
ROBERT-PTE FORT;14.679667;-60.925500;16;2024080609;0.0;9.1;50;30.0;74;160
ROBERT-PTE FORT;14.679667;-60.925500;16;2024080610;0.0;6.9;70;31.1;73;229
ROBERT-PTE FORT;14.679667;-60.925500;16;2024080611;0.0;6.5;70;30.7;76;305
ROBERT-PTE FORT;14.679667;-60.925500;16;2024080612;0.0;6.9;60;32.1;67;342
ROBERT-PTE FORT;14.679667;-60.925500;16;2024080613;0.4;8.1;70;28.5;80;338
ROBERT-PTE FORT;14.679667;-60.925500;16;2024080614;0.0;3.6;100;28.6;85;336
ROBERT-PTE FORT;14.679667;-60.925500;16;2024080615;0.0;6.9;50;30.7;72;243
ROBERT-PTE FORT;14.679667;-60.925500;16;2024080616;0.0;7.2;30;29.3;74;183
ROBERT-PTE FORT;14.679667;-60.925500;16;2024080617;0.0;7.1;50;30.1;74;105
ROBERT-PTE FORT;14.679667;-60.925500;16;2024080618;0.0;6.1;60;29.5;77;20
ROBERT-PTE FORT;14.679667;-60.925500;16;2024080619;0.0;5.9;60;28.8;78;2
ROBERT-PTE FORT;14.679667;-60.925500;16;2024080620;0.0;7.2;60;28.8;78;0
ROBERT-PTE FORT;14.679667;-60.925500;16;2024080621;0.0;7.4;60;29.0;79;0
ROBERT-PTE FORT;14.679667;-60.925500;16;2024080622;0.0;6.5;50;28.7;79;0
ROBERT-PTE FORT;14.679667;-60.925500;16;2024080623;0.0;5.9;60;28.6;77;0
ROBERT-PTE FORT;14.679667;-60.925500;16;2024080700;0.2;6.5;60;28.1;82;0
ROBERT-PTE FORT;14.679667;-60.925500;16;2024080701;0.0;6.9;60;28.6;81;0
ROBERT-PTE FORT;14.679667;-60.925500;16;2024080702;0.0;6.6;60;28.5;80;0
ROBERT-PTE FORT;14.679667;-60.925500;16;2024080703;0.0;7.0;60;28.4;80;0
ROBERT-PTE FORT;14.679667;-60.925500;16;2024080704;0.0;6.2;60;28.3;79;0
ROBERT-PTE FORT;14.679667;-60.925500;16;2024080705;0.0;6.9;70;28.5;77;0
ROBERT-PTE FORT;14.679667;-60.925500;16;2024080706;0.0;6.7;60;28.4;79;0
ROBERT-PTE FORT;14.679667;-60.925500;16;2024080707;0.8;6.0;60;29.0;78;25
ROBERT-PTE FORT;14.679667;-60.925500;16;2024080708;0.0;6.3;60;30.8;73;93
ROBERT-PTE FORT;14.679667;-60.925500;16;2024080709;0.0;6.0;70;31.8;69;187
ROBERT-PTE FORT;14.679667;-60.925500;16;2024080710;0.0;6.2;50;30.3;74;246
ROBERT-PTE FORT;14.679667;-60.925500;16;2024080711;0.2;4.6;70;30.8;73;307
ROBERT-PTE FORT;14.679667;-60.925500;16;2024080712;0.0;5.6;80;31.9;70;348
ROBERT-PTE FORT;14.679667;-60.925500;16;2024080713;0.0;5.6;80;31.7;68;340
ROBERT-PTE FORT;14.679667;-60.925500;16;2024080714;0.0;5.8;70;32.1;66;309
ROBERT-PTE FORT;14.679667;-60.925500;16;2024080715;0.0;6.1;70;31.4;67;218
ROBERT-PTE FORT;14.679667;-60.925500;16;2024080716;0.0;5.7;70;31.5;68;137
ROBERT-PTE FORT;14.679667;-60.925500;16;2024080717;0.0;6.4;50;30.4;72;99
ROBERT-PTE FORT;14.679667;-60.925500;16;2024080718;0.0;5.8;70;29.6;75;22
ROBERT-PTE FORT;14.679667;-60.925500;16;2024080719;0.0;5.9;60;28.8;76;1
ROBERT-PTE FORT;14.679667;-60.925500;16;2024080720;0.0;5.3;60;28.9;78;0
ROBERT-PTE FORT;14.679667;-60.925500;16;2024080721;0.0;5.8;60;28.8;79;0
ROBERT-PTE FORT;14.679667;-60.925500;16;2024080722;0.0;5.4;60;28.8;77;0
ROBERT-PTE FORT;14.679667;-60.925500;16;2024080723;0.0;6.0;60;28.7;78;0
ROBERT-PTE FORT;14.679667;-60.925500;16;2024080800;0.0;5.4;60;28.6;80;0
ROBERT-PTE FORT;14.679667;-60.925500;16;2024080801;0.0;4.6;60;28.4;77;0
ROBERT-PTE FORT;14.679667;-60.925500;16;2024080802;0.4;4.6;50;27.2;85;0
ROBERT-PTE FORT;14.679667;-60.925500;16;2024080803;0.0;4.7;70;28.1;82;0
ROBERT-PTE FORT;14.679667;-60.925500;16;2024080804;0.0;5.9;70;28.3;80;0
ROBERT-PTE FORT;14.679667;-60.925500;16;2024080805;0.0;6.2;60;28.2;79;0
ROBERT-PTE FORT;14.679667;-60.925500;16;2024080806;0.0;4.7;70;28.0;84;0
ROBERT-PTE FORT;14.679667;-60.925500;16;2024080807;0.0;7.3;60;28.9;77;7
ROBERT-PTE FORT;14.679667;-60.925500;16;2024080808;0.6;1.7;120;26.5;85;16
ROBERT-PTE FORT;14.679667;-60.925500;16;2024080809;0.0;0.7;20;30.2;74;45
ROBERT-PTE FORT;14.679667;-60.925500;16;2024080810;0.0;5.2;60;31.8;65;54
ROBERT-PTE FORT;14.679667;-60.925500;16;2024080811;0.0;7.2;40;29.3;78;36
ROBERT-PTE FORT;14.679667;-60.925500;16;2024080812;0.0;5.3;60;31.4;68;28
ROBERT-PTE FORT;14.679667;-60.925500;16;2024080813;0.0;4.6;60;32.1;67;83
ROBERT-PTE FORT;14.679667;-60.925500;16;2024080814;0.0;5.2;60;32.1;66;146
ROBERT-PTE FORT;14.679667;-60.925500;16;2024080815;0.0;5.3;50;31.7;67;167
ROBERT-PTE FORT;14.679667;-60.925500;16;2024080816;0.0;5.2;60;31.4;71;142
ROBERT-PTE FORT;14.679667;-60.925500;16;2024080817;0.0;5.2;40;30.1;73;57
ROBERT-PTE FORT;14.679667;-60.925500;16;2024080818;0.0;5.8;50;29.3;80;19
ROBERT-PTE FORT;14.679667;-60.925500;16;2024080819;0.0;7.0;60;29.3;79;1
ROBERT-PTE FORT;14.679667;-60.925500;16;2024080820;0.0;7.2;60;29.2;79;0
ROBERT-PTE FORT;14.679667;-60.925500;16;2024080821;0.0;8.2;60;29.1;77;0
ROBERT-PTE FORT;14.679667;-60.925500;16;2024080822;0.0;7.9;70;29.0;79;0
ROBERT-PTE FORT;14.679667;-60.925500;16;2024080823;0.0;7.7;70;28.9;79;0
ROBERT-PTE FORT;14.679667;-60.925500;16;2024080900;0.0;7.4;60;28.8;79;0
ROBERT-PTE FORT;14.679667;-60.925500;16;2024080901;0.0;7.7;70;28.7;79;0
ROBERT-PTE FORT;14.679667;-60.925500;16;2024080902;0.0;7.4;50;28.5;78;0
ROBERT-PTE FORT;14.679667;-60.925500;16;2024080903;0.0;6.3;60;28.5;77;0
ROBERT-PTE FORT;14.679667;-60.925500;16;2024080904;0.0;6.5;70;28.6;81;0
ROBERT-PTE FORT;14.679667;-60.925500;16;2024080905;0.0;6.8;90;28.9;74;0
ROBERT-PTE FORT;14.679667;-60.925500;16;2024080906;0.0;3.3;170;26.6;84;0
ROBERT-PTE FORT;14.679667;-60.925500;16;2024080907;1.2;2.4;90;27.8;83;22
ROBERT-PTE FORT;14.679667;-60.925500;16;2024080908;0.0;7.6;80;29.9;71;65
ROBERT-PTE FORT;14.679667;-60.925500;16;2024080909;0.0;6.4;100;29.6;74;197
ROBERT-PTE FORT;14.679667;-60.925500;16;2024080910;0.0;6.0;90;29.9;69;258
ROBERT-PTE FORT;14.679667;-60.925500;16;2024080911;0.0;6.5;90;30.6;70;324
ROBERT-PTE FORT;14.679667;-60.925500;16;2024080912;0.0;6.3;80;31.2;70;353
ROBERT-PTE FORT;14.679667;-60.925500;16;2024080913;0.0;7.2;80;31.1;68;353
ROBERT-PTE FORT;14.679667;-60.925500;16;2024080914;0.0;5.6;90;30.9;67;330
ROBERT-PTE FORT;14.679667;-60.925500;16;2024080915;0.0;5.6;80;31.9;72;272
ROBERT-PTE FORT;14.679667;-60.925500;16;2024080916;0.0;5.6;80;31.2;71;200
ROBERT-PTE FORT;14.679667;-60.925500;16;2024080917;0.0;6.4;80;30.4;74;86
ROBERT-PTE FORT;14.679667;-60.925500;16;2024080918;0.0;6.1;70;29.3;81;17
ROBERT-PTE FORT;14.679667;-60.925500;16;2024080919;0.0;6.0;100;29.5;75;1
ROBERT-PTE FORT;14.679667;-60.925500;16;2024080920;0.0;5.1;100;29.3;77;0
ROBERT-PTE FORT;14.679667;-60.925500;16;2024080921;0.0;7.3;90;29.4;75;0
ROBERT-PTE FORT;14.679667;-60.925500;16;2024080922;0.0;6.2;90;29.4;77;0
ROBERT-PTE FORT;14.679667;-60.925500;16;2024080923;0.0;6.9;90;29.3;75;0
ROBERT-PTE FORT;14.679667;-60.925500;16;2024081000;0.0;6.9;90;29.1;77;0
ROBERT-PTE FORT;14.679667;-60.925500;16;2024081001;0.0;5.2;100;29.2;74;0
ROBERT-PTE FORT;14.679667;-60.925500;16;2024081002;0.0;3.1;110;29.0;75;0
ROBERT-PTE FORT;14.679667;-60.925500;16;2024081003;0.0;3.7;110;29.0;74;0
ROBERT-PTE FORT;14.679667;-60.925500;16;2024081004;0.0;4.7;90;28.9;74;0
ROBERT-PTE FORT;14.679667;-60.925500;16;2024081005;0.0;3.4;130;28.7;76;0
ROBERT-PTE FORT;14.679667;-60.925500;16;2024081006;0.0;2.8;130;28.6;77;0
ROBERT-PTE FORT;14.679667;-60.925500;16;2024081007;0.0;2.8;110;29.6;72;17
ROBERT-PTE FORT;14.679667;-60.925500;16;2024081008;0.0;3.4;100;30.2;71;87
ROBERT-PTE FORT;14.679667;-60.925500;16;2024081009;0.0;4.8;90;30.9;70;187
ROBERT-PTE FORT;14.679667;-60.925500;16;2024081010;0.0;5.0;90;31.1;67;226
ROBERT-PTE FORT;14.679667;-60.925500;16;2024081011;0.0;5.3;90;31.0;73;274
ROBERT-PTE FORT;14.679667;-60.925500;16;2024081012;0.0;6.2;90;31.3;72;342
ROBERT-PTE FORT;14.679667;-60.925500;16;2024081013;0.0;5.3;90;31.6;72;335
ROBERT-PTE FORT;14.679667;-60.925500;16;2024081014;0.0;5.5;90;31.0;70;298
ROBERT-PTE FORT;14.679667;-60.925500;16;2024081015;0.0;4.8;90;30.3;75;261
ROBERT-PTE FORT;14.679667;-60.925500;16;2024081016;0.0;5.1;90;30.4;73;202
ROBERT-PTE FORT;14.679667;-60.925500;16;2024081017;0.0;3.0;110;30.0;70;68
ROBERT-PTE FORT;14.679667;-60.925500;16;2024081018;0.0;3.0;140;29.7;73;21
ROBERT-PTE FORT;14.679667;-60.925500;16;2024081019;0.0;6.1;190;28.6;77;1
ROBERT-PTE FORT;14.679667;-60.925500;16;2024081020;0.6;4.3;200;26.4;88;0
ROBERT-PTE FORT;14.679667;-60.925500;16;2024081021;0.8;1.9;270;25.9;91;0
ROBERT-PTE FORT;14.679667;-60.925500;16;2024081022;0.0;0.0;0;25.8;92;0
ROBERT-PTE FORT;14.679667;-60.925500;16;2024081023;0.0;0.6;300;25.4;92;0
ROBERT-PTE FORT;14.679667;-60.925500;16;2024081100;0.0;0.0;0;25.6;92;0
ROBERT-PTE FORT;14.679667;-60.925500;16;2024081101;0.0;0.7;310;25.7;92;0
ROBERT-PTE FORT;14.679667;-60.925500;16;2024081102;0.0;3.6;40;26.7;92;0
ROBERT-PTE FORT;14.679667;-60.925500;16;2024081103;0.0;4.4;70;27.3;83;0
ROBERT-PTE FORT;14.679667;-60.925500;16;2024081104;0.0;3.0;10;27.2;87;0
ROBERT-PTE FORT;14.679667;-60.925500;16;2024081105;0.0;5.5;40;28.2;86;0
ROBERT-PTE FORT;14.679667;-60.925500;16;2024081106;0.0;6.1;50;28.7;83;0
ROBERT-PTE FORT;14.679667;-60.925500;16;2024081107;0.0;7.7;50;29.7;79;25
ROBERT-PTE FORT;14.679667;-60.925500;16;2024081108;0.0;7.0;50;30.6;72;118
ROBERT-PTE FORT;14.679667;-60.925500;16;2024081109;0.0;7.8;60;31.6;70;204
ROBERT-PTE FORT;14.679667;-60.925500;16;2024081110;0.0;8.0;50;31.9;67;273
ROBERT-PTE FORT;14.679667;-60.925500;16;2024081111;0.0;8.0;50;31.6;71;339
ROBERT-PTE FORT;14.679667;-60.925500;16;2024081112;0.0;8.1;60;32.4;69;317
ROBERT-PTE FORT;14.679667;-60.925500;16;2024081113;0.0;7.7;50;31.9;69;315
ROBERT-PTE FORT;14.679667;-60.925500;16;2024081114;0.0;8.5;50;31.7;70;324
ROBERT-PTE FORT;14.679667;-60.925500;16;2024081115;0.0;8.8;60;32.2;64;250
ROBERT-PTE FORT;14.679667;-60.925500;16;2024081116;0.0;7.9;50;31.4;66;194
ROBERT-PTE FORT;14.679667;-60.925500;16;2024081117;0.0;8.3;50;30.9;69;93
ROBERT-PTE FORT;14.679667;-60.925500;16;2024081118;0.0;8.1;40;29.9;74;20
ROBERT-PTE FORT;14.679667;-60.925500;16;2024081119;0.0;8.3;50;29.7;76;1
ROBERT-PTE FORT;14.679667;-60.925500;16;2024081120;0.0;9.2;50;29.7;74;0
ROBERT-PTE FORT;14.679667;-60.925500;16;2024081121;0.0;8.0;60;29.4;77;0
ROBERT-PTE FORT;14.679667;-60.925500;16;2024081122;0.0;7.4;50;29.6;78;0
ROBERT-PTE FORT;14.679667;-60.925500;16;2024081123;0.6;9.4;50;29.1;83;0
ROBERT-PTE FORT;14.679667;-60.925500;16;2024081200;0.0;8.6;60;29.2;79;0
ROBERT-PTE FORT;14.679667;-60.925500;16;2024081201;0.0;8.1;50;29.1;80;0
ROBERT-PTE FORT;14.679667;-60.925500;16;2024081202;0.0;7.5;50;29.1;78;0
ROBERT-PTE FORT;14.679667;-60.925500;16;2024081203;0.0;5.9;50;29.0;78;0
ROBERT-PTE FORT;14.679667;-60.925500;16;2024081204;0.0;3.4;20;27.8;87;0
ROBERT-PTE FORT;14.679667;-60.925500;16;2024081205;0.0;7.6;50;28.8;81;0
ROBERT-PTE FORT;14.679667;-60.925500;16;2024081206;4.7;8.7;90;27.0;91;0
ROBERT-PTE FORT;14.679667;-60.925500;16;2024081207;3.9;6.4;50;26.9;95;24
ROBERT-PTE FORT;14.679667;-60.925500;16;2024081208;0.0;4.2;60;27.8;94;96
ROBERT-PTE FORT;14.679667;-60.925500;16;2024081209;1.2;4.3;60;28.3;93;181
ROBERT-PTE FORT;14.679667;-60.925500;16;2024081210;0.0;6.9;30;29.0;84;239
ROBERT-PTE FORT;14.679667;-60.925500;16;2024081211;0.0;5.7;40;28.8;81;311
ROBERT-PTE FORT;14.679667;-60.925500;16;2024081212;1.6;12.1;40;27.2;89;305
ROBERT-PTE FORT;14.679667;-60.925500;16;2024081213;1.8;6.1;50;27.1;92;349
ROBERT-PTE FORT;14.679667;-60.925500;16;2024081214;4.2;4.7;30;26.1;94;235
ROBERT-PTE FORT;14.679667;-60.925500;16;2024081215;0.4;8.7;40;26.6;91;203
ROBERT-PTE FORT;14.679667;-60.925500;16;2024081216;0.4;3.7;360;26.4;91;196
ROBERT-PTE FORT;14.679667;-60.925500;16;2024081217;0.0;2.8;10;27.1;87;99
ROBERT-PTE FORT;14.679667;-60.925500;16;2024081218;0.0;2.5;20;27.2;89;24
ROBERT-PTE FORT;14.679667;-60.925500;16;2024081219;0.0;3.0;360;27.3;89;2
ROBERT-PTE FORT;14.679667;-60.925500;16;2024081220;0.0;8.0;20;27.2;88;0
ROBERT-PTE FORT;14.679667;-60.925500;16;2024081221;0.0;6.1;30;27.8;85;0
ROBERT-PTE FORT;14.679667;-60.925500;16;2024081222;0.0;3.1;10;28.1;83;0
ROBERT-PTE FORT;14.679667;-60.925500;16;2024081223;0.0;1.1;280;27.5;84;0
ROBERT-PTE FORT;14.679667;-60.925500;16;2024081300;0.0;1.4;230;27.0;89;0
ROBERT-PTE FORT;14.679667;-60.925500;16;2024081301;0.0;2.2;280;26.7;90;0
ROBERT-PTE FORT;14.679667;-60.925500;16;2024081302;0.0;1.6;210;26.9;90;0
ROBERT-PTE FORT;14.679667;-60.925500;16;2024081303;0.0;6.2;200;27.1;88;0
ROBERT-PTE FORT;14.679667;-60.925500;16;2024081304;0.0;2.7;220;26.7;85;0
ROBERT-PTE FORT;14.679667;-60.925500;16;2024081305;0.2;2.4;220;26.5;89;0
ROBERT-PTE FORT;14.679667;-60.925500;16;2024081306;0.0;4.1;170;27.0;88;0
ROBERT-PTE FORT;14.679667;-60.925500;16;2024081307;1.4;10.1;180;26.1;87;5
ROBERT-PTE FORT;14.679667;-60.925500;16;2024081308;1.0;11.2;200;25.1;85;20
ROBERT-PTE FORT;14.679667;-60.925500;16;2024081309;0.2;8.1;200;26.5;82;64
ROBERT-PTE FORT;14.679667;-60.925500;16;2024081310;0.0;6.1;180;27.4;80;168
ROBERT-PTE FORT;14.679667;-60.925500;16;2024081311;0.0;9.9;200;28.4;76;166
ROBERT-PTE FORT;14.679667;-60.925500;16;2024081312;0.0;9.7;200;28.9;75;24
ROBERT-PTE FORT;14.679667;-60.925500;16;2024081313;0.0;8.7;190;29.9;70;14
ROBERT-PTE FORT;14.679667;-60.925500;16;2024081314;0.0;5.5;200;30.0;70;52
ROBERT-PTE FORT;14.679667;-60.925500;16;2024081315;0.0;8.4;200;30.4;69;103
ROBERT-PTE FORT;14.679667;-60.925500;16;2024081316;0.0;6.1;180;29.9;74;42
ROBERT-PTE FORT;14.679667;-60.925500;16;2024081317;0.0;3.4;180;29.6;74;35
ROBERT-PTE FORT;14.679667;-60.925500;16;2024081318;0.0;5.7;160;29.4;71;12
ROBERT-PTE FORT;14.679667;-60.925500;16;2024081319;0.0;5.2;170;28.9;77;0
ROBERT-PTE FORT;14.679667;-60.925500;16;2024081320;0.0;4.8;180;28.6;80;0
ROBERT-PTE FORT;14.679667;-60.925500;16;2024081321;0.0;4.8;180;28.4;82;0
ROBERT-PTE FORT;14.679667;-60.925500;16;2024081322;0.0;4.2;180;28.4;82;0
ROBERT-PTE FORT;14.679667;-60.925500;16;2024081323;0.0;4.3;180;28.7;82;0
ROBERT-PTE FORT;14.679667;-60.925500;16;2024081400;0.0;3.5;190;28.6;83;0
ROBERT-PTE FORT;14.679667;-60.925500;16;2024081401;0.0;4.8;160;28.9;81;0
ROBERT-PTE FORT;14.679667;-60.925500;16;2024081402;0.0;7.6;150;29.1;80;0
ROBERT-PTE FORT;14.679667;-60.925500;16;2024081403;0.0;8.6;140;29.0;81;0
ROBERT-PTE FORT;14.679667;-60.925500;16;2024081404;0.0;4.8;160;28.8;83;0
ROBERT-PTE FORT;14.679667;-60.925500;16;2024081405;0.0;5.6;140;28.9;80;0
ROBERT-PTE FORT;14.679667;-60.925500;16;2024081406;0.0;4.5;140;28.9;79;0
ROBERT-PTE FORT;14.679667;-60.925500;16;2024081407;0.0;3.8;140;29.4;77;2
ROBERT-PTE FORT;14.679667;-60.925500;16;2024081408;0.0;5.7;140;29.4;74;12
ROBERT-PTE FORT;14.679667;-60.925500;16;2024081409;0.0;3.8;130;30.4;71;22
ROBERT-PTE FORT;14.679667;-60.925500;16;2024081410;0.0;3.8;140;30.3;75;64
ROBERT-PTE FORT;14.679667;-60.925500;16;2024081411;0.0;3.6;130;30.1;74;123
ROBERT-PTE FORT;14.679667;-60.925500;16;2024081412;0.0;5.2;100;30.8;71;145
ROBERT-PTE FORT;14.679667;-60.925500;16;2024081413;0.0;4.0;100;30.5;71;195
ROBERT-PTE FORT;14.679667;-60.925500;16;2024081414;0.0;4.8;90;30.3;73;204
ROBERT-PTE FORT;14.679667;-60.925500;16;2024081415;0.0;4.0;90;30.9;73;286
ROBERT-PTE FORT;14.679667;-60.925500;16;2024081416;0.0;3.7;90;30.6;73;112
ROBERT-PTE FORT;14.679667;-60.925500;16;2024081417;0.0;4.7;90;30.1;73;46
ROBERT-PTE FORT;14.679667;-60.925500;16;2024081418;0.0;4.3;80;29.5;79;33
ROBERT-PTE FORT;14.679667;-60.925500;16;2024081419;0.6;6.4;80;28.7;84;3
ROBERT-PTE FORT;14.679667;-60.925500;16;2024081420;0.0;6.4;80;29.1;81;0
ROBERT-PTE FORT;14.679667;-60.925500;16;2024081421;0.0;6.6;80;29.0;82;0
ROBERT-PTE FORT;14.679667;-60.925500;16;2024081422;0.0;6.6;80;29.0;82;0
ROBERT-PTE FORT;14.679667;-60.925500;16;2024081423;0.0;6.1;60;28.9;82;0
ROBERT-PTE FORT;14.679667;-60.925500;16;2024081500;0.0;6.6;60;28.8;81;0
ROBERT-PTE FORT;14.679667;-60.925500;16;2024081501;0.0;5.8;60;28.7;82;0
ROBERT-PTE FORT;14.679667;-60.925500;16;2024081502;0.0;6.2;70;28.7;82;0
ROBERT-PTE FORT;14.679667;-60.925500;16;2024081503;0.0;6.2;60;28.7;82;0
ROBERT-PTE FORT;14.679667;-60.925500;16;2024081504;0.0;6.5;70;28.7;80;0
ROBERT-PTE FORT;14.679667;-60.925500;16;2024081505;0.0;6.9;80;28.8;80;0
ROBERT-PTE FORT;14.679667;-60.925500;16;2024081506;0.0;7.0;70;28.8;81;1
ROBERT-PTE FORT;14.679667;-60.925500;16;2024081507;0.0;7.7;80;29.5;75;28
ROBERT-PTE FORT;14.679667;-60.925500;16;2024081508;0.0;7.3;80;30.8;71;120
ROBERT-PTE FORT;14.679667;-60.925500;16;2024081509;0.0;6.3;80;31.6;70;160
ROBERT-PTE FORT;14.679667;-60.925500;16;2024081510;0.0;5.3;70;32.5;70;229
ROBERT-PTE FORT;14.679667;-60.925500;16;2024081511;0.0;6.2;70;33.1;68;305
ROBERT-PTE FORT;14.679667;-60.925500;16;2024081512;0.0;6.1;70;32.5;68;342
ROBERT-PTE FORT;14.679667;-60.925500;16;2024081513;0.0;6.2;60;32.2;67;338
ROBERT-PTE FORT;14.679667;-60.925500;16;2024081514;0.0;5.5;50;31.6;70;336
ROBERT-PTE FORT;14.679667;-60.925500;16;2024081515;0.0;5.4;60;32.3;68;243
ROBERT-PTE FORT;14.679667;-60.925500;16;2024081516;0.0;6.7;80;31.4;70;183
ROBERT-PTE FORT;14.679667;-60.925500;16;2024081517;0.0;4.6;90;29.5;76;105
ROBERT-PTE FORT;14.679667;-60.925500;16;2024081518;0.0;6.9;70;29.6;78;20
ROBERT-PTE FORT;14.679667;-60.925500;16;2024081519;0.0;7.6;80;29.1;80;2
ROBERT-PTE FORT;14.679667;-60.925500;16;2024081520;0.0;7.0;80;29.3;81;0
ROBERT-PTE FORT;14.679667;-60.925500;16;2024081521;0.0;6.3;90;29.3;81;0
ROBERT-PTE FORT;14.679667;-60.925500;16;2024081522;0.0;6.3;70;29.1;81;0
ROBERT-PTE FORT;14.679667;-60.925500;16;2024081523;0.0;4.4;60;28.9;82;0
ROBERT-PTE FORT;14.679667;-60.925500;16;2024081600;0.0;4.4;60;28.8;83;0
ROBERT-PTE FORT;14.679667;-60.925500;16;2024081601;0.0;4.4;60;28.7;83;0
ROBERT-PTE FORT;14.679667;-60.925500;16;2024081602;0.0;4.7;60;28.6;82;0
ROBERT-PTE FORT;14.679667;-60.925500;16;2024081603;0.0;5.2;60;28.6;82;0
ROBERT-PTE FORT;14.679667;-60.925500;16;2024081604;0.0;4.9;100;28.3;81;0
ROBERT-PTE FORT;14.679667;-60.925500;16;2024081605;3.2;2.8;80;26.6;91;0
ROBERT-PTE FORT;14.679667;-60.925500;16;2024081606;0.0;1.1;280;26.6;91;0
ROBERT-PTE FORT;14.679667;-60.925500;16;2024081607;0.0;0.7;340;26.3;92;25
ROBERT-PTE FORT;14.679667;-60.925500;16;2024081608;0.0;8.5;90;26.4;91;93
ROBERT-PTE FORT;14.679667;-60.925500;16;2024081609;0.0;2.0;130;27.5;81;187
ROBERT-PTE FORT;14.679667;-60.925500;16;2024081610;0.0;2.8;50;27.3;84;246
ROBERT-PTE FORT;14.679667;-60.925500;16;2024081611;0.8;5.4;30;26.0;91;307
ROBERT-PTE FORT;14.679667;-60.925500;16;2024081612;4.2;1.0;320;25.8;94;348
ROBERT-PTE FORT;14.679667;-60.925500;16;2024081613;0.0;2.0;360;26.7;92;340
ROBERT-PTE FORT;14.679667;-60.925500;16;2024081614;0.0;3.3;360;27.5;87;309
ROBERT-PTE FORT;14.679667;-60.925500;16;2024081615;0.4;4.9;20;27.4;89;218
ROBERT-PTE FORT;14.679667;-60.925500;16;2024081616;0.0;3.8;10;27.5;88;137
ROBERT-PTE FORT;14.679667;-60.925500;16;2024081617;0.0;3.6;360;27.5;87;99
ROBERT-PTE FORT;14.679667;-60.925500;16;2024081618;0.0;3.2;20;27.7;87;22
ROBERT-PTE FORT;14.679667;-60.925500;16;2024081619;0.0;0.9;330;27.1;89;1
ROBERT-PTE FORT;14.679667;-60.925500;16;2024081620;0.0;0.0;0;26.7;91;0
ROBERT-PTE FORT;14.679667;-60.925500;16;2024081621;0.0;0.7;310;26.6;92;0
ROBERT-PTE FORT;14.679667;-60.925500;16;2024081622;0.0;0.7;220;26.7;93;0
ROBERT-PTE FORT;14.679667;-60.925500;16;2024081623;0.0;1.3;270;26.7;92;0
ROBERT-PTE FORT;14.679667;-60.925500;16;2024081700;0.0;1.4;210;27.0;92;0
ROBERT-PTE FORT;14.679667;-60.925500;16;2024081701;0.0;1.6;200;27.6;89;0
ROBERT-PTE FORT;14.679667;-60.925500;16;2024081702;0.0;1.1;250;27.0;90;0
ROBERT-PTE FORT;14.679667;-60.925500;16;2024081703;0.0;1.1;260;26.5;91;0
ROBERT-PTE FORT;14.679667;-60.925500;16;2024081704;0.0;0.8;270;26.3;91;0
ROBERT-PTE FORT;14.679667;-60.925500;16;2024081705;0.0;1.0;260;26.2;92;0
ROBERT-PTE FORT;14.679667;-60.925500;16;2024081706;0.0;0.6;310;26.1;92;0
ROBERT-PTE FORT;14.679667;-60.925500;16;2024081707;0.0;0.6;230;27.6;90;7
ROBERT-PTE FORT;14.679667;-60.925500;16;2024081708;0.0;1.1;200;29.4;81;16
ROBERT-PTE FORT;14.679667;-60.925500;16;2024081709;0.0;3.1;140;30.2;76;45
ROBERT-PTE FORT;14.679667;-60.925500;16;2024081710;0.0;2.9;130;30.5;74;54
ROBERT-PTE FORT;14.679667;-60.925500;16;2024081711;0.0;3.2;100;31.1;71;36
ROBERT-PTE FORT;14.679667;-60.925500;16;2024081712;0.0;5.7;90;31.0;75;28
ROBERT-PTE FORT;14.679667;-60.925500;16;2024081713;0.0;4.5;90;31.0;75;83
ROBERT-PTE FORT;14.679667;-60.925500;16;2024081714;0.0;4.8;90;31.0;74;146
ROBERT-PTE FORT;14.679667;-60.925500;16;2024081715;0.0;4.0;100;30.7;72;167
ROBERT-PTE FORT;14.679667;-60.925500;16;2024081716;0.0;3.3;100;30.7;74;142
ROBERT-PTE FORT;14.679667;-60.925500;16;2024081717;0.0;3.3;100;30.2;75;57
ROBERT-PTE FORT;14.679667;-60.925500;16;2024081718;0.0;1.8;120;29.6;77;19
ROBERT-PTE FORT;14.679667;-60.925500;16;2024081719;0.0;2.1;100;29.2;78;1
ROBERT-PTE FORT;14.679667;-60.925500;16;2024081720;0.0;2.9;80;29.1;80;0
ROBERT-PTE FORT;14.679667;-60.925500;16;2024081721;0.0;4.1;60;28.9;82;0
ROBERT-PTE FORT;14.679667;-60.925500;16;2024081722;0.0;3.8;60;28.8;82;0
ROBERT-PTE FORT;14.679667;-60.925500;16;2024081723;0.0;2.8;50;28.9;82;0
ROBERT-PTE FORT;14.679667;-60.925500;16;2024081800;0.0;5.1;60;28.7;82;0
ROBERT-PTE FORT;14.679667;-60.925500;16;2024081801;0.0;4.1;60;28.6;83;0
ROBERT-PTE FORT;14.679667;-60.925500;16;2024081802;0.0;4.1;40;28.7;83;0
ROBERT-PTE FORT;14.679667;-60.925500;16;2024081803;0.0;2.0;350;28.2;85;0
ROBERT-PTE FORT;14.679667;-60.925500;16;2024081804;0.0;2.0;360;28.0;86;0
ROBERT-PTE FORT;14.679667;-60.925500;16;2024081805;0.0;2.6;20;28.1;86;0
ROBERT-PTE FORT;14.679667;-60.925500;16;2024081806;0.0;4.5;30;28.4;83;0
ROBERT-PTE FORT;14.679667;-60.925500;16;2024081807;0.0;5.8;40;29.3;79;22
ROBERT-PTE FORT;14.679667;-60.925500;16;2024081808;0.2;3.7;30;29.5;75;65
ROBERT-PTE FORT;14.679667;-60.925500;16;2024081809;0.2;6.1;50;31.2;73;197
ROBERT-PTE FORT;14.679667;-60.925500;16;2024081810;0.0;7.4;50;31.4;70;258
ROBERT-PTE FORT;14.679667;-60.925500;16;2024081811;0.0;8.3;50;30.9;72;324
ROBERT-PTE FORT;14.679667;-60.925500;16;2024081812;0.0;6.6;60;32.2;67;353
ROBERT-PTE FORT;14.679667;-60.925500;16;2024081813;0.0;7.6;60;31.8;69;353
ROBERT-PTE FORT;14.679667;-60.925500;16;2024081814;0.0;6.7;60;32.7;67;330
ROBERT-PTE FORT;14.679667;-60.925500;16;2024081815;0.0;6.6;50;31.8;71;272
ROBERT-PTE FORT;14.679667;-60.925500;16;2024081816;0.0;6.1;50;31.3;71;200
ROBERT-PTE FORT;14.679667;-60.925500;16;2024081817;0.0;6.4;50;30.3;75;86
ROBERT-PTE FORT;14.679667;-60.925500;16;2024081818;0.0;7.6;40;29.6;78;17
ROBERT-PTE FORT;14.679667;-60.925500;16;2024081819;0.0;7.2;50;29.5;81;1
ROBERT-PTE FORT;14.679667;-60.925500;16;2024081820;0.0;8.0;50;29.5;82;0
ROBERT-PTE FORT;14.679667;-60.925500;16;2024081821;0.0;7.7;60;29.5;83;0
ROBERT-PTE FORT;14.679667;-60.925500;16;2024081822;0.0;6.8;60;29.3;81;0
ROBERT-PTE FORT;14.679667;-60.925500;16;2024081823;0.0;6.9;50;29.3;82;0
ROBERT-PTE FORT;14.679667;-60.925500;16;2024081900;0.6;7.0;50;28.9;85;0
ROBERT-PTE FORT;14.679667;-60.925500;16;2024081901;0.0;6.3;60;28.9;83;0
ROBERT-PTE FORT;14.679667;-60.925500;16;2024081902;0.0;8.1;50;28.8;85;0
ROBERT-PTE FORT;14.679667;-60.925500;16;2024081903;0.0;7.4;80;29.1;83;0
ROBERT-PTE FORT;14.679667;-60.925500;16;2024081904;0.2;9.5;70;28.8;80;0
ROBERT-PTE FORT;14.679667;-60.925500;16;2024081905;0.2;6.4;60;28.7;84;0
ROBERT-PTE FORT;14.679667;-60.925500;16;2024081906;0.0;8.2;60;28.8;81;0
ROBERT-PTE FORT;14.679667;-60.925500;16;2024081907;0.0;8.2;60;29.6;80;17
ROBERT-PTE FORT;14.679667;-60.925500;16;2024081908;0.0;8.4;50;30.8;74;87
ROBERT-PTE FORT;14.679667;-60.925500;16;2024081909;0.0;8.0;60;31.4;73;187
ROBERT-PTE FORT;14.679667;-60.925500;16;2024081910;0.0;8.6;60;31.8;69;226
ROBERT-PTE FORT;14.679667;-60.925500;16;2024081911;0.0;7.6;70;33.3;68;274
ROBERT-PTE FORT;14.679667;-60.925500;16;2024081912;0.0;6.8;70;33.1;68;342
ROBERT-PTE FORT;14.679667;-60.925500;16;2024081913;0.0;7.8;60;32.2;68;335
ROBERT-PTE FORT;14.679667;-60.925500;16;2024081914;0.0;6.9;60;32.0;69;298
ROBERT-PTE FORT;14.679667;-60.925500;16;2024081915;0.0;8.1;50;31.5;69;261
ROBERT-PTE FORT;14.679667;-60.925500;16;2024081916;0.0;7.1;50;31.2;72;202
ROBERT-PTE FORT;14.679667;-60.925500;16;2024081917;0.0;7.8;40;30.5;74;68
ROBERT-PTE FORT;14.679667;-60.925500;16;2024081918;0.0;7.0;40;29.8;77;21
ROBERT-PTE FORT;14.679667;-60.925500;16;2024081919;0.0;6.2;50;29.5;81;1
ROBERT-PTE FORT;14.679667;-60.925500;16;2024081920;0.0;6.6;50;29.5;80;0
ROBERT-PTE FORT;14.679667;-60.925500;16;2024081921;0.0;7.4;40;29.4;78;0
ROBERT-PTE FORT;14.679667;-60.925500;16;2024081922;0.0;7.6;40;29.4;78;0
ROBERT-PTE FORT;14.679667;-60.925500;16;2024081923;0.0;4.2;10;28.7;83;0
ROBERT-PTE FORT;14.679667;-60.925500;16;2024082000;0.0;7.6;40;29.1;82;0
ROBERT-PTE FORT;14.679667;-60.925500;16;2024082001;0.0;7.3;50;29.2;80;0
ROBERT-PTE FORT;14.679667;-60.925500;16;2024082002;0.0;5.1;20;29.0;80;0
ROBERT-PTE FORT;14.679667;-60.925500;16;2024082003;0.0;9.0;40;29.1;78;0
ROBERT-PTE FORT;14.679667;-60.925500;16;2024082004;0.0;6.2;30;28.8;80;0
ROBERT-PTE FORT;14.679667;-60.925500;16;2024082005;0.0;6.8;50;29.0;76;0
ROBERT-PTE FORT;14.679667;-60.925500;16;2024082006;0.0;6.6;50;28.9;79;0
ROBERT-PTE FORT;14.679667;-60.925500;16;2024082007;0.0;6.0;50;30.1;74;25
ROBERT-PTE FORT;14.679667;-60.925500;16;2024082008;0.0;7.0;40;30.8;72;118
ROBERT-PTE FORT;14.679667;-60.925500;16;2024082009;0.0;6.8;40;30.7;67;204
ROBERT-PTE FORT;14.679667;-60.925500;16;2024082010;0.0;6.5;50;31.6;65;273
ROBERT-PTE FORT;14.679667;-60.925500;16;2024082011;0.0;7.5;50;32.0;64;339
ROBERT-PTE FORT;14.679667;-60.925500;16;2024082012;0.0;7.8;60;32.5;66;317
ROBERT-PTE FORT;14.679667;-60.925500;16;2024082013;0.0;8.1;40;31.5;67;315
ROBERT-PTE FORT;14.679667;-60.925500;16;2024082014;0.0;11.5;50;29.4;74;324
ROBERT-PTE FORT;14.679667;-60.925500;16;2024082015;0.0;5.5;20;29.2;77;250
ROBERT-PTE FORT;14.679667;-60.925500;16;2024082016;0.6;6.4;30;30.4;72;194
ROBERT-PTE FORT;14.679667;-60.925500;16;2024082017;0.2;7.4;40;29.8;76;93
ROBERT-PTE FORT;14.679667;-60.925500;16;2024082018;0.0;5.9;20;29.1;79;20
ROBERT-PTE FORT;14.679667;-60.925500;16;2024082019;0.0;4.5;30;29.0;80;1
ROBERT-PTE FORT;14.679667;-60.925500;16;2024082020;0.0;7.2;50;29.1;78;0
ROBERT-PTE FORT;14.679667;-60.925500;16;2024082021;0.0;7.7;50;29.2;79;0
ROBERT-PTE FORT;14.679667;-60.925500;16;2024082022;0.2;6.8;50;29.1;80;0
ROBERT-PTE FORT;14.679667;-60.925500;16;2024082023;0.2;6.9;50;29.0;81;0
ROBERT-PTE FORT;14.679667;-60.925500;16;2024082100;0.0;6.5;50;29.0;80;0
ROBERT-PTE FORT;14.679667;-60.925500;16;2024082101;0.0;5.8;40;28.9;82;0
ROBERT-PTE FORT;14.679667;-60.925500;16;2024082102;0.0;3.3;80;28.0;80;0
ROBERT-PTE FORT;14.679667;-60.925500;16;2024082103;0.4;0.9;300;27.0;87;0
ROBERT-PTE FORT;14.679667;-60.925500;16;2024082104;3.0;4.0;120;25.8;86;0
ROBERT-PTE FORT;14.679667;-60.925500;16;2024082105;0.0;3.6;90;27.0;85;0
ROBERT-PTE FORT;14.679667;-60.925500;16;2024082106;0.6;1.3;20;25.9;91;0
ROBERT-PTE FORT;14.679667;-60.925500;16;2024082107;0.2;1.7;240;27.3;86;24
ROBERT-PTE FORT;14.679667;-60.925500;16;2024082108;0.0;4.7;90;30.5;74;96
ROBERT-PTE FORT;14.679667;-60.925500;16;2024082109;0.0;6.3;60;30.4;75;181
ROBERT-PTE FORT;14.679667;-60.925500;16;2024082110;1.4;2.9;40;28.7;84;239
ROBERT-PTE FORT;14.679667;-60.925500;16;2024082111;0.0;2.0;110;29.4;76;311
ROBERT-PTE FORT;14.679667;-60.925500;16;2024082112;0.0;5.8;100;30.5;72;305
ROBERT-PTE FORT;14.679667;-60.925500;16;2024082113;0.0;4.6;100;30.6;70;349
ROBERT-PTE FORT;14.679667;-60.925500;16;2024082114;0.2;7.0;140;29.0;78;235
ROBERT-PTE FORT;14.679667;-60.925500;16;2024082115;0.0;6.7;80;29.0;81;203
ROBERT-PTE FORT;14.679667;-60.925500;16;2024082116;0.0;3.9;90;29.6;76;196
ROBERT-PTE FORT;14.679667;-60.925500;16;2024082117;0.0;5.7;100;29.5;74;99
ROBERT-PTE FORT;14.679667;-60.925500;16;2024082118;0.0;5.5;90;29.4;76;24
ROBERT-PTE FORT;14.679667;-60.925500;16;2024082119;0.0;4.6;100;29.3;75;2
ROBERT-PTE FORT;14.679667;-60.925500;16;2024082120;0.0;6.2;90;29.3;77;0
ROBERT-PTE FORT;14.679667;-60.925500;16;2024082121;0.0;6.9;80;29.3;78;0
ROBERT-PTE FORT;14.679667;-60.925500;16;2024082122;0.0;4.8;80;28.9;81;0
ROBERT-PTE FORT;14.679667;-60.925500;16;2024082123;0.0;6.9;90;29.3;77;0
