ref_site;nom;commune;territoire;date;cairnet;cairsens;polluant;mesure;lon;lat;etat;geom
25;Dostaly*;Francois;CAESM;2024-08-12 01:00:00.000;11;H2S-CH4S_026_Q_;H2S;0.847;-60.87264088166222;14.596482537620659;false;POINT (729176.5220555713 1614768.5145497995)
24;Fregate EST 2*;Francois;CAESM;2024-08-12 01:00:00.000;52;H2S-CH4S_077_Q_;H2S;5.352;-60.87572467682305;14.60772796531209;false;POINT (728832.5387733867 1616009.90848436)
24;Fregate EST 2*;Francois;CAESM;2024-08-12 02:00:00.000;52;H2S-CH4S_077_Q_;H2S;5.114;-60.87572467682305;14.60772796531209;false;POINT (728832.5387733867 1616009.90848436)
25;Dostaly*;Francois;CAESM;2024-08-12 02:00:00.000;11;H2S-CH4S_026_Q_;H2S;0.707;-60.87264088166222;14.596482537620659;false;POINT (729176.5220555713 1614768.5145497995)
24;Fregate EST 2*;Francois;CAESM;2024-08-12 03:00:00.000;52;H2S-CH4S_077_Q_;H2S;4.874;-60.87572467682305;14.60772796531209;false;POINT (728832.5387733867 1616009.90848436)
25;Dostaly*;Francois;CAESM;2024-08-12 03:00:00.000;11;H2S-CH4S_026_Q_;H2S;0.648;-60.87264088166222;14.596482537620659;false;POINT (729176.5220555713 1614768.5145497995)
24;Fregate EST 2*;Francois;CAESM;2024-08-12 04:00:00.000;52;H2S-CH4S_077_Q_;H2S;4.204;-60.87572467682305;14.60772796531209;false;POINT (728832.5387733867 1616009.90848436)
25;Dostaly*;Francois;CAESM;2024-08-12 04:00:00.000;11;H2S-CH4S_026_Q_;H2S;0.308;-60.87264088166222;14.596482537620659;false;POINT (729176.5220555713 1614768.5145497995)
25;Dostaly*;Francois;CAESM;2024-08-12 05:00:00.000;11;H2S-CH4S_026_Q_;H2S;0.592;-60.87264088166222;14.596482537620659;false;POINT (729176.5220555713 1614768.5145497995)
24;Fregate EST 2*;Francois;CAESM;2024-08-12 05:00:00.000;52;H2S-CH4S_077_Q_;H2S;2.956;-60.87572467682305;14.60772796531209;false;POINT (728832.5387733867 1616009.90848436)
25;Dostaly*;Francois;CAESM;2024-08-12 06:00:00.000;11;H2S-CH4S_026_Q_;H2S;0.171;-60.87264088166222;14.596482537620659;false;POINT (729176.5220555713 1614768.5145497995)
24;Fregate EST 2*;Francois;CAESM;2024-08-12 06:00:00.000;52;H2S-CH4S_077_Q_;H2S;1.515;-60.87572467682305;14.60772796531209;false;POINT (728832.5387733867 1616009.90848436)
25;Dostaly*;Francois;CAESM;2024-08-12 07:00:00.000;11;H2S-CH4S_026_Q_;H2S;0.007;-60.87264088166222;14.596482537620659;false;POINT (729176.5220555713 1614768.5145497995)
24;Fregate EST 2*;Francois;CAESM;2024-08-12 07:00:00.000;52;H2S-CH4S_077_Q_;H2S;1.855;-60.87572467682305;14.60772796531209;false;POINT (728832.5387733867 1616009.90848436)
25;Dostaly*;Francois;CAESM;2024-08-12 08:00:00.000;11;H2S-CH4S_026_Q_;H2S;0.007;-60.87264088166222;14.596482537620659;false;POINT (729176.5220555713 1614768.5145497995)
24;Fregate EST 2*;Francois;CAESM;2024-08-12 08:00:00.000;52;H2S-CH4S_077_Q_;H2S;2.142;-60.87572467682305;14.60772796531209;false;POINT (728832.5387733867 1616009.90848436)
24;Fregate EST 2*;Francois;CAESM;2024-08-12 09:00:00.000;52;H2S-CH4S_077_Q_;H2S;2.024;-60.87572467682305;14.60772796531209;false;POINT (728832.5387733867 1616009.90848436)
25;Dostaly*;Francois;CAESM;2024-08-12 09:00:00.000;11;H2S-CH4S_026_Q_;H2S;0.045;-60.87264088166222;14.596482537620659;false;POINT (729176.5220555713 1614768.5145497995)
25;Dostaly*;Francois;CAESM;2024-08-12 10:00:00.000;11;H2S-CH4S_026_Q_;H2S;0.004;-60.87264088166222;14.596482537620659;false;POINT (729176.5220555713 1614768.5145497995)
24;Fregate EST 2*;Francois;CAESM;2024-08-12 10:00:00.000;52;H2S-CH4S_077_Q_;H2S;1.927;-60.87572467682305;14.60772796531209;false;POINT (728832.5387733867 1616009.90848436)
24;Fregate EST 2*;Francois;CAESM;2024-08-12 11:00:00.000;52;H2S-CH4S_077_Q_;H2S;1.422;-60.87572467682305;14.60772796531209;false;POINT (728832.5387733867 1616009.90848436)
25;Dostaly*;Francois;CAESM;2024-08-12 11:00:00.000;11;H2S-CH4S_026_Q_;H2S;0.001;-60.87264088166222;14.596482537620659;false;POINT (729176.5220555713 1614768.5145497995)
24;Fregate EST 2*;Francois;CAESM;2024-08-12 12:00:00.000;52;H2S-CH4S_077_Q_;H2S;2.065;-60.87572467682305;14.60772796531209;false;POINT (728832.5387733867 1616009.90848436)
25;Dostaly*;Francois;CAESM;2024-08-12 12:00:00.000;11;H2S-CH4S_026_Q_;H2S;0.013;-60.87264088166222;14.596482537620659;false;POINT (729176.5220555713 1614768.5145497995)
24;Fregate EST 2*;Francois;CAESM;2024-08-12 13:00:00.000;52;H2S-CH4S_077_Q_;H2S;3.247;-60.87572467682305;14.60772796531209;false;POINT (728832.5387733867 1616009.90848436)
25;Dostaly*;Francois;CAESM;2024-08-12 13:00:00.000;11;H2S-CH4S_026_Q_;H2S;0.167;-60.87264088166222;14.596482537620659;false;POINT (729176.5220555713 1614768.5145497995)
25;Dostaly*;Francois;CAESM;2024-08-12 14:00:00.000;11;H2S-CH4S_026_Q_;H2S;0.026;-60.87264088166222;14.596482537620659;false;POINT (729176.5220555713 1614768.5145497995)
24;Fregate EST 2*;Francois;CAESM;2024-08-12 14:00:00.000;52;H2S-CH4S_077_Q_;H2S;2.596;-60.87572467682305;14.60772796531209;false;POINT (728832.5387733867 1616009.90848436)
24;Fregate EST 2*;Francois;CAESM;2024-08-12 15:00:00.000;52;H2S-CH4S_077_Q_;H2S;1.225;-60.87572467682305;14.60772796531209;false;POINT (728832.5387733867 1616009.90848436)
25;Dostaly*;Francois;CAESM;2024-08-12 15:00:00.000;11;H2S-CH4S_026_Q_;H2S;0.0;-60.87264088166222;14.596482537620659;false;POINT (729176.5220555713 1614768.5145497995)
24;Fregate EST 2*;Francois;CAESM;2024-08-12 16:00:00.000;52;H2S-CH4S_077_Q_;H2S;1.147;-60.87572467682305;14.60772796531209;false;POINT (728832.5387733867 1616009.90848436)
25;Dostaly*;Francois;CAESM;2024-08-12 16:00:00.000;11;H2S-CH4S_026_Q_;H2S;0.0;-60.87264088166222;14.596482537620659;false;POINT (729176.5220555713 1614768.5145497995)
24;Fregate EST 2*;Francois;CAESM;2024-08-12 17:00:00.000;52;H2S-CH4S_077_Q_;H2S;1.503;-60.87572467682305;14.60772796531209;false;POINT (728832.5387733867 1616009.90848436)
25;Dostaly*;Francois;CAESM;2024-08-12 17:00:00.000;11;H2S-CH4S_026_Q_;H2S;0.0;-60.87264088166222;14.596482537620659;false;POINT (729176.5220555713 1614768.5145497995)
24;Fregate EST 2*;Francois;CAESM;2024-08-12 18:00:00.000;52;H2S-CH4S_077_Q_;H2S;2.068;-60.87572467682305;14.60772796531209;false;POINT (728832.5387733867 1616009.90848436)
25;Dostaly*;Francois;CAESM;2024-08-12 18:00:00.000;11;H2S-CH4S_026_Q_;H2S;0.0;-60.87264088166222;14.596482537620659;false;POINT (729176.5220555713 1614768.5145497995)
24;Fregate EST 2*;Francois;CAESM;2024-08-12 19:00:00.000;52;H2S-CH4S_077_Q_;H2S;2.161;-60.87572467682305;14.60772796531209;false;POINT (728832.5387733867 1616009.90848436)
25;Dostaly*;Francois;CAESM;2024-08-12 19:00:00.000;11;H2S-CH4S_026_Q_;H2S;0.0;-60.87264088166222;14.596482537620659;false;POINT (729176.5220555713 1614768.5145497995)
24;Fregate EST 2*;Francois;CAESM;2024-08-12 20:00:00.000;52;H2S-CH4S_077_Q_;H2S;3.482;-60.87572467682305;14.60772796531209;false;POINT (728832.5387733867 1616009.90848436)
25;Dostaly*;Francois;CAESM;2024-08-12 20:00:00.000;11;H2S-CH4S_026_Q_;H2S;0.0;-60.87264088166222;14.596482537620659;false;POINT (729176.5220555713 1614768.5145497995)
25;Dostaly*;Francois;CAESM;2024-08-12 21:00:00.000;11;H2S-CH4S_026_Q_;H2S;0.001;-60.87264088166222;14.596482537620659;false;POINT (729176.5220555713 1614768.5145497995)
24;Fregate EST 2*;Francois;CAESM;2024-08-12 21:00:00.000;52;H2S-CH4S_077_Q_;H2S;3.162;-60.87572467682305;14.60772796531209;false;POINT (728832.5387733867 1616009.90848436)
25;Dostaly*;Francois;CAESM;2024-08-12 22:00:00.000;11;H2S-CH4S_026_Q_;H2S;0.15;-60.87264088166222;14.596482537620659;false;POINT (729176.5220555713 1614768.5145497995)
24;Fregate EST 2*;Francois;CAESM;2024-08-12 22:00:00.000;52;H2S-CH4S_077_Q_;H2S;4.213;-60.87572467682305;14.60772796531209;false;POINT (728832.5387733867 1616009.90848436)
25;Dostaly*;Francois;CAESM;2024-08-12 23:00:00.000;11;H2S-CH4S_026_Q_;H2S;0.448;-60.87264088166222;14.596482537620659;false;POINT (729176.5220555713 1614768.5145497995)
24;Fregate EST 2*;Francois;CAESM;2024-08-12 23:00:00.000;52;H2S-CH4S_077_Q_;H2S;5.923;-60.87572467682305;14.60772796531209;false;POINT (728832.5387733867 1616009.90848436)
24;Fregate EST 2*;Francois;CAESM;2024-08-13 00:00:00.000;52;H2S-CH4S_077_Q_;H2S;3.071;-60.87572467682305;14.60772796531209;false;POINT (728832.5387733867 1616009.90848436)
25;Dostaly*;Francois;CAESM;2024-08-13 00:00:00.000;11;H2S-CH4S_026_Q_;H2S;0.405;-60.87264088166222;14.596482537620659;false;POINT (729176.5220555713 1614768.5145497995)
25;Dostaly*;Francois;CAESM;2024-08-13 01:00:00.000;11;H2S-CH4S_026_Q_;H2S;0.0;-60.87264088166222;14.596482537620659;false;POINT (729176.5220555713 1614768.5145497995)
24;Fregate EST 2*;Francois;CAESM;2024-08-13 01:00:00.000;52;H2S-CH4S_077_Q_;H2S;0.103;-60.87572467682305;14.60772796531209;false;POINT (728832.5387733867 1616009.90848436)
25;Dostaly*;Francois;CAESM;2024-08-13 02:00:00.000;11;H2S-CH4S_026_Q_;H2S;0.0;-60.87264088166222;14.596482537620659;false;POINT (729176.5220555713 1614768.5145497995)
24;Fregate EST 2*;Francois;CAESM;2024-08-13 02:00:00.000;52;H2S-CH4S_077_Q_;H2S;0.498;-60.87572467682305;14.60772796531209;false;POINT (728832.5387733867 1616009.90848436)
24;Fregate EST 2*;Francois;CAESM;2024-08-13 03:00:00.000;52;H2S-CH4S_077_Q_;H2S;0.642;-60.87572467682305;14.60772796531209;false;POINT (728832.5387733867 1616009.90848436)
25;Dostaly*;Francois;CAESM;2024-08-13 03:00:00.000;11;H2S-CH4S_026_Q_;H2S;0.0;-60.87264088166222;14.596482537620659;false;POINT (729176.5220555713 1614768.5145497995)
24;Fregate EST 2*;Francois;CAESM;2024-08-13 04:00:00.000;52;H2S-CH4S_077_Q_;H2S;0.453;-60.87572467682305;14.60772796531209;false;POINT (728832.5387733867 1616009.90848436)
25;Dostaly*;Francois;CAESM;2024-08-13 04:00:00.000;11;H2S-CH4S_026_Q_;H2S;0.0;-60.87264088166222;14.596482537620659;false;POINT (729176.5220555713 1614768.5145497995)
25;Dostaly*;Francois;CAESM;2024-08-13 05:00:00.000;11;H2S-CH4S_026_Q_;H2S;0.0;-60.87264088166222;14.596482537620659;false;POINT (729176.5220555713 1614768.5145497995)
24;Fregate EST 2*;Francois;CAESM;2024-08-13 05:00:00.000;52;H2S-CH4S_077_Q_;H2S;0.383;-60.87572467682305;14.60772796531209;false;POINT (728832.5387733867 1616009.90848436)
24;Fregate EST 2*;Francois;CAESM;2024-08-13 06:00:00.000;52;H2S-CH4S_077_Q_;H2S;0.24;-60.87572467682305;14.60772796531209;false;POINT (728832.5387733867 1616009.90848436)
25;Dostaly*;Francois;CAESM;2024-08-13 06:00:00.000;11;H2S-CH4S_026_Q_;H2S;0.0;-60.87264088166222;14.596482537620659;false;POINT (729176.5220555713 1614768.5145497995)
24;Fregate EST 2*;Francois;CAESM;2024-08-13 07:00:00.000;52;H2S-CH4S_077_Q_;H2S;0.212;-60.87572467682305;14.60772796531209;false;POINT (728832.5387733867 1616009.90848436)
25;Dostaly*;Francois;CAESM;2024-08-13 07:00:00.000;11;H2S-CH4S_026_Q_;H2S;0.0;-60.87264088166222;14.596482537620659;false;POINT (729176.5220555713 1614768.5145497995)
24;Fregate EST 2*;Francois;CAESM;2024-08-13 08:00:00.000;52;H2S-CH4S_077_Q_;H2S;0.115;-60.87572467682305;14.60772796531209;false;POINT (728832.5387733867 1616009.90848436)
25;Dostaly*;Francois;CAESM;2024-08-13 08:00:00.000;11;H2S-CH4S_026_Q_;H2S;0.0;-60.87264088166222;14.596482537620659;false;POINT (729176.5220555713 1614768.5145497995)
25;Dostaly*;Francois;CAESM;2024-08-13 09:00:00.000;11;H2S-CH4S_026_Q_;H2S;0.0;-60.87264088166222;14.596482537620659;false;POINT (729176.5220555713 1614768.5145497995)
24;Fregate EST 2*;Francois;CAESM;2024-08-13 09:00:00.000;52;H2S-CH4S_077_Q_;H2S;0.115;-60.87572467682305;14.60772796531209;false;POINT (728832.5387733867 1616009.90848436)
25;Dostaly*;Francois;CAESM;2024-08-13 10:00:00.000;11;H2S-CH4S_026_Q_;H2S;0.0;-60.87264088166222;14.596482537620659;false;POINT (729176.5220555713 1614768.5145497995)
24;Fregate EST 2*;Francois;CAESM;2024-08-13 10:00:00.000;52;H2S-CH4S_077_Q_;H2S;0.198;-60.87572467682305;14.60772796531209;false;POINT (728832.5387733867 1616009.90848436)
25;Dostaly*;Francois;CAESM;2024-08-13 11:00:00.000;11;H2S-CH4S_026_Q_;H2S;0.0;-60.87264088166222;14.596482537620659;false;POINT (729176.5220555713 1614768.5145497995)
24;Fregate EST 2*;Francois;CAESM;2024-08-13 11:00:00.000;52;H2S-CH4S_077_Q_;H2S;0.048;-60.87572467682305;14.60772796531209;false;POINT (728832.5387733867 1616009.90848436)
25;Dostaly*;Francois;CAESM;2024-08-13 12:00:00.000;11;H2S-CH4S_026_Q_;H2S;0.0;-60.87264088166222;14.596482537620659;false;POINT (729176.5220555713 1614768.5145497995)
24;Fregate EST 2*;Francois;CAESM;2024-08-13 12:00:00.000;52;H2S-CH4S_077_Q_;H2S;0.044;-60.87572467682305;14.60772796531209;false;POINT (728832.5387733867 1616009.90848436)
25;Dostaly*;Francois;CAESM;2024-08-13 13:00:00.000;11;H2S-CH4S_026_Q_;H2S;0.0;-60.87264088166222;14.596482537620659;false;POINT (729176.5220555713 1614768.5145497995)
24;Fregate EST 2*;Francois;CAESM;2024-08-13 13:00:00.000;52;H2S-CH4S_077_Q_;H2S;0.066;-60.87572467682305;14.60772796531209;false;POINT (728832.5387733867 1616009.90848436)
24;Fregate EST 2*;Francois;CAESM;2024-08-13 14:00:00.000;52;H2S-CH4S_077_Q_;H2S;0.055;-60.87572467682305;14.60772796531209;false;POINT (728832.5387733867 1616009.90848436)
25;Dostaly*;Francois;CAESM;2024-08-13 14:00:00.000;11;H2S-CH4S_026_Q_;H2S;0.0;-60.87264088166222;14.596482537620659;false;POINT (729176.5220555713 1614768.5145497995)
24;Fregate EST 2*;Francois;CAESM;2024-08-13 15:00:00.000;52;H2S-CH4S_077_Q_;H2S;0.046;-60.87572467682305;14.60772796531209;false;POINT (728832.5387733867 1616009.90848436)
25;Dostaly*;Francois;CAESM;2024-08-13 15:00:00.000;11;H2S-CH4S_026_Q_;H2S;0.0;-60.87264088166222;14.596482537620659;false;POINT (729176.5220555713 1614768.5145497995)
25;Dostaly*;Francois;CAESM;2024-08-13 16:00:00.000;11;H2S-CH4S_026_Q_;H2S;0.0;-60.87264088166222;14.596482537620659;false;POINT (729176.5220555713 1614768.5145497995)
24;Fregate EST 2*;Francois;CAESM;2024-08-13 16:00:00.000;52;H2S-CH4S_077_Q_;H2S;0.055;-60.87572467682305;14.60772796531209;false;POINT (728832.5387733867 1616009.90848436)
24;Fregate EST 2*;Francois;CAESM;2024-08-13 17:00:00.000;52;H2S-CH4S_077_Q_;H2S;0.076;-60.87572467682305;14.60772796531209;false;POINT (728832.5387733867 1616009.90848436)
25;Dostaly*;Francois;CAESM;2024-08-13 17:00:00.000;11;H2S-CH4S_026_Q_;H2S;0.0;-60.87264088166222;14.596482537620659;false;POINT (729176.5220555713 1614768.5145497995)
25;Dostaly*;Francois;CAESM;2024-08-13 18:00:00.000;11;H2S-CH4S_026_Q_;H2S;0.0;-60.87264088166222;14.596482537620659;false;POINT (729176.5220555713 1614768.5145497995)
24;Fregate EST 2*;Francois;CAESM;2024-08-13 18:00:00.000;52;H2S-CH4S_077_Q_;H2S;0.07;-60.87572467682305;14.60772796531209;false;POINT (728832.5387733867 1616009.90848436)
25;Dostaly*;Francois;CAESM;2024-08-13 19:00:00.000;11;H2S-CH4S_026_Q_;H2S;0.0;-60.87264088166222;14.596482537620659;false;POINT (729176.5220555713 1614768.5145497995)
24;Fregate EST 2*;Francois;CAESM;2024-08-13 19:00:00.000;52;H2S-CH4S_077_Q_;H2S;0.107;-60.87572467682305;14.60772796531209;false;POINT (728832.5387733867 1616009.90848436)
25;Dostaly*;Francois;CAESM;2024-08-13 20:00:00.000;11;H2S-CH4S_026_Q_;H2S;0.0;-60.87264088166222;14.596482537620659;false;POINT (729176.5220555713 1614768.5145497995)
24;Fregate EST 2*;Francois;CAESM;2024-08-13 20:00:00.000;52;H2S-CH4S_077_Q_;H2S;0.511;-60.87572467682305;14.60772796531209;false;POINT (728832.5387733867 1616009.90848436)
24;Fregate EST 2*;Francois;CAESM;2024-08-13 21:00:00.000;52;H2S-CH4S_077_Q_;H2S;0.643;-60.87572467682305;14.60772796531209;false;POINT (728832.5387733867 1616009.90848436)
25;Dostaly*;Francois;CAESM;2024-08-13 21:00:00.000;11;H2S-CH4S_026_Q_;H2S;0.0;-60.87264088166222;14.596482537620659;false;POINT (729176.5220555713 1614768.5145497995)
24;Fregate EST 2*;Francois;CAESM;2024-08-13 22:00:00.000;52;H2S-CH4S_077_Q_;H2S;0.38;-60.87572467682305;14.60772796531209;false;POINT (728832.5387733867 1616009.90848436)
25;Dostaly*;Francois;CAESM;2024-08-13 22:00:00.000;11;H2S-CH4S_026_Q_;H2S;0.0;-60.87264088166222;14.596482537620659;false;POINT (729176.5220555713 1614768.5145497995)
25;Dostaly*;Francois;CAESM;2024-08-13 23:00:00.000;11;H2S-CH4S_026_Q_;H2S;0.0;-60.87264088166222;14.596482537620659;false;POINT (729176.5220555713 1614768.5145497995)
24;Fregate EST 2*;Francois;CAESM;2024-08-13 23:00:00.000;52;H2S-CH4S_077_Q_;H2S;0.336;-60.87572467682305;14.60772796531209;false;POINT (728832.5387733867 1616009.90848436)
25;Dostaly*;Francois;CAESM;2024-08-14 00:00:00.000;11;H2S-CH4S_026_Q_;H2S;0.0;-60.87264088166222;14.596482537620659;false;POINT (729176.5220555713 1614768.5145497995)
24;Fregate EST 2*;Francois;CAESM;2024-08-14 00:00:00.000;52;H2S-CH4S_077_Q_;H2S;0.414;-60.87572467682305;14.60772796531209;false;POINT (728832.5387733867 1616009.90848436)
25;Dostaly*;Francois;CAESM;2024-08-14 01:00:00.000;11;H2S-CH4S_026_Q_;H2S;0.0;-60.87264088166222;14.596482537620659;false;POINT (729176.5220555713 1614768.5145497995)
24;Fregate EST 2*;Francois;CAESM;2024-08-14 01:00:00.000;52;H2S-CH4S_077_Q_;H2S;0.714;-60.87572467682305;14.60772796531209;false;POINT (728832.5387733867 1616009.90848436)
25;Dostaly*;Francois;CAESM;2024-08-14 02:00:00.000;11;H2S-CH4S_026_Q_;H2S;0.0;-60.87264088166222;14.596482537620659;false;POINT (729176.5220555713 1614768.5145497995)
24;Fregate EST 2*;Francois;CAESM;2024-08-14 02:00:00.000;52;H2S-CH4S_077_Q_;H2S;0.797;-60.87572467682305;14.60772796531209;false;POINT (728832.5387733867 1616009.90848436)
25;Dostaly*;Francois;CAESM;2024-08-14 03:00:00.000;11;H2S-CH4S_026_Q_;H2S;0.0;-60.87264088166222;14.596482537620659;false;POINT (729176.5220555713 1614768.5145497995)
24;Fregate EST 2*;Francois;CAESM;2024-08-14 03:00:00.000;52;H2S-CH4S_077_Q_;H2S;0.951;-60.87572467682305;14.60772796531209;false;POINT (728832.5387733867 1616009.90848436)
24;Fregate EST 2*;Francois;CAESM;2024-08-14 04:00:00.000;52;H2S-CH4S_077_Q_;H2S;0.717;-60.87572467682305;14.60772796531209;false;POINT (728832.5387733867 1616009.90848436)
25;Dostaly*;Francois;CAESM;2024-08-14 04:00:00.000;11;H2S-CH4S_026_Q_;H2S;0.0;-60.87264088166222;14.596482537620659;false;POINT (729176.5220555713 1614768.5145497995)
25;Dostaly*;Francois;CAESM;2024-08-14 05:00:00.000;11;H2S-CH4S_026_Q_;H2S;0.0;-60.87264088166222;14.596482537620659;false;POINT (729176.5220555713 1614768.5145497995)
24;Fregate EST 2*;Francois;CAESM;2024-08-14 05:00:00.000;52;H2S-CH4S_077_Q_;H2S;0.78;-60.87572467682305;14.60772796531209;false;POINT (728832.5387733867 1616009.90848436)
24;Fregate EST 2*;Francois;CAESM;2024-08-14 06:00:00.000;52;H2S-CH4S_077_Q_;H2S;0.745;-60.87572467682305;14.60772796531209;false;POINT (728832.5387733867 1616009.90848436)
25;Dostaly*;Francois;CAESM;2024-08-14 06:00:00.000;11;H2S-CH4S_026_Q_;H2S;0.0;-60.87264088166222;14.596482537620659;false;POINT (729176.5220555713 1614768.5145497995)
24;Fregate EST 2*;Francois;CAESM;2024-08-14 07:00:00.000;52;H2S-CH4S_077_Q_;H2S;0.659;-60.87572467682305;14.60772796531209;false;POINT (728832.5387733867 1616009.90848436)
25;Dostaly*;Francois;CAESM;2024-08-14 07:00:00.000;11;H2S-CH4S_026_Q_;H2S;0.0;-60.87264088166222;14.596482537620659;false;POINT (729176.5220555713 1614768.5145497995)
24;Fregate EST 2*;Francois;CAESM;2024-08-14 08:00:00.000;52;H2S-CH4S_077_Q_;H2S;0.704;-60.87572467682305;14.60772796531209;false;POINT (728832.5387733867 1616009.90848436)
25;Dostaly*;Francois;CAESM;2024-08-14 08:00:00.000;11;H2S-CH4S_026_Q_;H2S;0.0;-60.87264088166222;14.596482537620659;false;POINT (729176.5220555713 1614768.5145497995)
24;Fregate EST 2*;Francois;CAESM;2024-08-14 09:00:00.000;52;H2S-CH4S_077_Q_;H2S;0.703;-60.87572467682305;14.60772796531209;false;POINT (728832.5387733867 1616009.90848436)
25;Dostaly*;Francois;CAESM;2024-08-14 09:00:00.000;11;H2S-CH4S_026_Q_;H2S;0.0;-60.87264088166222;14.596482537620659;false;POINT (729176.5220555713 1614768.5145497995)
25;Dostaly*;Francois;CAESM;2024-08-14 10:00:00.000;11;H2S-CH4S_026_Q_;H2S;0.0;-60.87264088166222;14.596482537620659;false;POINT (729176.5220555713 1614768.5145497995)
24;Fregate EST 2*;Francois;CAESM;2024-08-14 10:00:00.000;52;H2S-CH4S_077_Q_;H2S;0.828;-60.87572467682305;14.60772796531209;false;POINT (728832.5387733867 1616009.90848436)
25;Dostaly*;Francois;CAESM;2024-08-14 11:00:00.000;11;H2S-CH4S_026_Q_;H2S;0.0;-60.87264088166222;14.596482537620659;false;POINT (729176.5220555713 1614768.5145497995)
24;Fregate EST 2*;Francois;CAESM;2024-08-14 11:00:00.000;52;H2S-CH4S_077_Q_;H2S;0.784;-60.87572467682305;14.60772796531209;false;POINT (728832.5387733867 1616009.90848436)
25;Dostaly*;Francois;CAESM;2024-08-14 12:00:00.000;11;H2S-CH4S_026_Q_;H2S;0.0;-60.87264088166222;14.596482537620659;false;POINT (729176.5220555713 1614768.5145497995)
24;Fregate EST 2*;Francois;CAESM;2024-08-14 12:00:00.000;52;H2S-CH4S_077_Q_;H2S;0.69;-60.87572467682305;14.60772796531209;false;POINT (728832.5387733867 1616009.90848436)
24;Fregate EST 2*;Francois;CAESM;2024-08-14 13:00:00.000;52;H2S-CH4S_077_Q_;H2S;0.578;-60.87572467682305;14.60772796531209;false;POINT (728832.5387733867 1616009.90848436)
25;Dostaly*;Francois;CAESM;2024-08-14 13:00:00.000;11;H2S-CH4S_026_Q_;H2S;0.0;-60.87264088166222;14.596482537620659;false;POINT (729176.5220555713 1614768.5145497995)
24;Fregate EST 2*;Francois;CAESM;2024-08-14 14:00:00.000;52;H2S-CH4S_077_Q_;H2S;0.551;-60.87572467682305;14.60772796531209;false;POINT (728832.5387733867 1616009.90848436)
25;Dostaly*;Francois;CAESM;2024-08-14 14:00:00.000;11;H2S-CH4S_026_Q_;H2S;0.0;-60.87264088166222;14.596482537620659;false;POINT (729176.5220555713 1614768.5145497995)
24;Fregate EST 2*;Francois;CAESM;2024-08-14 15:00:00.000;52;H2S-CH4S_077_Q_;H2S;0.46;-60.87572467682305;14.60772796531209;false;POINT (728832.5387733867 1616009.90848436)
25;Dostaly*;Francois;CAESM;2024-08-14 15:00:00.000;11;H2S-CH4S_026_Q_;H2S;0.0;-60.87264088166222;14.596482537620659;false;POINT (729176.5220555713 1614768.5145497995)
25;Dostaly*;Francois;CAESM;2024-08-14 16:00:00.000;11;H2S-CH4S_026_Q_;H2S;0.0;-60.87264088166222;14.596482537620659;false;POINT (729176.5220555713 1614768.5145497995)
25;Dostaly*;Francois;CAESM;2024-08-14 17:00:00.000;11;H2S-CH4S_026_Q_;H2S;0.0;-60.87264088166222;14.596482537620659;false;POINT (729176.5220555713 1614768.5145497995)
25;Dostaly*;Francois;CAESM;2024-08-14 18:00:00.000;11;H2S-CH4S_026_Q_;H2S;0.0;-60.87264088166222;14.596482537620659;false;POINT (729176.5220555713 1614768.5145497995)
25;Dostaly*;Francois;CAESM;2024-08-14 19:00:00.000;11;H2S-CH4S_026_Q_;H2S;0.0;-60.87264088166222;14.596482537620659;false;POINT (729176.5220555713 1614768.5145497995)
25;Dostaly*;Francois;CAESM;2024-08-14 20:00:00.000;11;H2S-CH4S_026_Q_;H2S;0.0;-60.87264088166222;14.596482537620659;false;POINT (729176.5220555713 1614768.5145497995)
25;Dostaly*;Francois;CAESM;2024-08-14 21:00:00.000;11;H2S-CH4S_026_Q_;H2S;0.003;-60.87264088166222;14.596482537620659;false;POINT (729176.5220555713 1614768.5145497995)
25;Dostaly*;Francois;CAESM;2024-08-14 22:00:00.000;11;H2S-CH4S_026_Q_;H2S;0.003;-60.87264088166222;14.596482537620659;false;POINT (729176.5220555713 1614768.5145497995)
25;Dostaly*;Francois;CAESM;2024-08-14 23:00:00.000;11;H2S-CH4S_026_Q_;H2S;0.0;-60.87264088166222;14.596482537620659;false;POINT (729176.5220555713 1614768.5145497995)
25;Dostaly*;Francois;CAESM;2024-08-15 00:00:00.000;11;H2S-CH4S_026_Q_;H2S;0.001;-60.87264088166222;14.596482537620659;false;POINT (729176.5220555713 1614768.5145497995)
25;Dostaly*;Francois;CAESM;2024-08-15 01:00:00.000;11;H2S-CH4S_026_Q_;H2S;0.02;-60.87264088166222;14.596482537620659;false;POINT (729176.5220555713 1614768.5145497995)
25;Dostaly*;Francois;CAESM;2024-08-15 02:00:00.000;11;H2S-CH4S_026_Q_;H2S;0.015;-60.87264088166222;14.596482537620659;false;POINT (729176.5220555713 1614768.5145497995)
25;Dostaly*;Francois;CAESM;2024-08-15 03:00:00.000;11;H2S-CH4S_026_Q_;H2S;0.298;-60.87264088166222;14.596482537620659;false;POINT (729176.5220555713 1614768.5145497995)
25;Dostaly*;Francois;CAESM;2024-08-15 04:00:00.000;11;H2S-CH4S_026_Q_;H2S;0.31;-60.87264088166222;14.596482537620659;false;POINT (729176.5220555713 1614768.5145497995)
25;Dostaly*;Francois;CAESM;2024-08-15 05:00:00.000;11;H2S-CH4S_026_Q_;H2S;0.199;-60.87264088166222;14.596482537620659;false;POINT (729176.5220555713 1614768.5145497995)
25;Dostaly*;Francois;CAESM;2024-08-15 06:00:00.000;11;H2S-CH4S_026_Q_;H2S;0.004;-60.87264088166222;14.596482537620659;false;POINT (729176.5220555713 1614768.5145497995)
25;Dostaly*;Francois;CAESM;2024-08-15 07:00:00.000;11;H2S-CH4S_026_Q_;H2S;0.008;-60.87264088166222;14.596482537620659;false;POINT (729176.5220555713 1614768.5145497995)
25;Dostaly*;Francois;CAESM;2024-08-15 08:00:00.000;11;H2S-CH4S_026_Q_;H2S;0.0;-60.87264088166222;14.596482537620659;false;POINT (729176.5220555713 1614768.5145497995)
25;Dostaly*;Francois;CAESM;2024-08-15 09:00:00.000;11;H2S-CH4S_026_Q_;H2S;0.0;-60.87264088166222;14.596482537620659;false;POINT (729176.5220555713 1614768.5145497995)
25;Dostaly*;Francois;CAESM;2024-08-15 10:00:00.000;11;H2S-CH4S_026_Q_;H2S;0.0;-60.87264088166222;14.596482537620659;false;POINT (729176.5220555713 1614768.5145497995)
25;Dostaly*;Francois;CAESM;2024-08-15 11:00:00.000;11;H2S-CH4S_026_Q_;H2S;0.0;-60.87264088166222;14.596482537620659;false;POINT (729176.5220555713 1614768.5145497995)
25;Dostaly*;Francois;CAESM;2024-08-15 12:00:00.000;11;H2S-CH4S_026_Q_;H2S;0.0;-60.87264088166222;14.596482537620659;false;POINT (729176.5220555713 1614768.5145497995)
25;Dostaly*;Francois;CAESM;2024-08-15 13:00:00.000;11;H2S-CH4S_026_Q_;H2S;0.0;-60.87264088166222;14.596482537620659;false;POINT (729176.5220555713 1614768.5145497995)
25;Dostaly*;Francois;CAESM;2024-08-15 14:00:00.000;11;H2S-CH4S_026_Q_;H2S;0.0;-60.87264088166222;14.596482537620659;false;POINT (729176.5220555713 1614768.5145497995)
25;Dostaly*;Francois;CAESM;2024-08-15 15:00:00.000;11;H2S-CH4S_026_Q_;H2S;0.0;-60.87264088166222;14.596482537620659;false;POINT (729176.5220555713 1614768.5145497995)
25;Dostaly*;Francois;CAESM;2024-08-15 16:00:00.000;11;H2S-CH4S_026_Q_;H2S;0.0;-60.87264088166222;14.596482537620659;false;POINT (729176.5220555713 1614768.5145497995)
25;Dostaly*;Francois;CAESM;2024-08-15 17:00:00.000;11;H2S-CH4S_026_Q_;H2S;0.0;-60.87264088166222;14.596482537620659;false;POINT (729176.5220555713 1614768.5145497995)
25;Dostaly*;Francois;CAESM;2024-08-15 18:00:00.000;11;H2S-CH4S_026_Q_;H2S;0.0;-60.87264088166222;14.596482537620659;false;POINT (729176.5220555713 1614768.5145497995)
25;Dostaly*;Francois;CAESM;2024-08-15 19:00:00.000;11;H2S-CH4S_026_Q_;H2S;0.0;-60.87264088166222;14.596482537620659;false;POINT (729176.5220555713 1614768.5145497995)
25;Dostaly*;Francois;CAESM;2024-08-15 20:00:00.000;11;H2S-CH4S_026_Q_;H2S;0.0;-60.87264088166222;14.596482537620659;false;POINT (729176.5220555713 1614768.5145497995)
25;Dostaly*;Francois;CAESM;2024-08-15 21:00:00.000;11;H2S-CH4S_026_Q_;H2S;0.0;-60.87264088166222;14.596482537620659;false;POINT (729176.5220555713 1614768.5145497995)
25;Dostaly*;Francois;CAESM;2024-08-15 22:00:00.000;11;H2S-CH4S_026_Q_;H2S;0.0;-60.87264088166222;14.596482537620659;false;POINT (729176.5220555713 1614768.5145497995)
25;Dostaly*;Francois;CAESM;2024-08-15 23:00:00.000;11;H2S-CH4S_026_Q_;H2S;0.0;-60.87264088166222;14.596482537620659;false;POINT (729176.5220555713 1614768.5145497995)
25;Dostaly*;Francois;CAESM;2024-08-16 00:00:00.000;11;H2S-CH4S_026_Q_;H2S;0.0;-60.87264088166222;14.596482537620659;false;POINT (729176.5220555713 1614768.5145497995)
25;Dostaly*;Francois;CAESM;2024-08-16 01:00:00.000;11;H2S-CH4S_026_Q_;H2S;0.0;-60.87264088166222;14.596482537620659;false;POINT (729176.5220555713 1614768.5145497995)
25;Dostaly*;Francois;CAESM;2024-08-16 02:00:00.000;11;H2S-CH4S_026_Q_;H2S;0.001;-60.87264088166222;14.596482537620659;false;POINT (729176.5220555713 1614768.5145497995)
25;Dostaly*;Francois;CAESM;2024-08-16 03:00:00.000;11;H2S-CH4S_026_Q_;H2S;0.0;-60.87264088166222;14.596482537620659;false;POINT (729176.5220555713 1614768.5145497995)
25;Dostaly*;Francois;CAESM;2024-08-16 04:00:00.000;11;H2S-CH4S_026_Q_;H2S;0.009;-60.87264088166222;14.596482537620659;false;POINT (729176.5220555713 1614768.5145497995)
25;Dostaly*;Francois;CAESM;2024-08-16 05:00:00.000;11;H2S-CH4S_026_Q_;H2S;0.0;-60.87264088166222;14.596482537620659;false;POINT (729176.5220555713 1614768.5145497995)
25;Dostaly*;Francois;CAESM;2024-08-16 06:00:00.000;11;H2S-CH4S_026_Q_;H2S;0.0;-60.87264088166222;14.596482537620659;false;POINT (729176.5220555713 1614768.5145497995)
25;Dostaly*;Francois;CAESM;2024-08-16 07:00:00.000;11;H2S-CH4S_026_Q_;H2S;0.0;-60.87264088166222;14.596482537620659;false;POINT (729176.5220555713 1614768.5145497995)
25;Dostaly*;Francois;CAESM;2024-08-16 08:00:00.000;11;H2S-CH4S_026_Q_;H2S;0.084;-60.87264088166222;14.596482537620659;false;POINT (729176.5220555713 1614768.5145497995)
25;Dostaly*;Francois;CAESM;2024-08-16 09:00:00.000;11;H2S-CH4S_026_Q_;H2S;0.003;-60.87264088166222;14.596482537620659;false;POINT (729176.5220555713 1614768.5145497995)
25;Dostaly*;Francois;CAESM;2024-08-16 10:00:00.000;11;H2S-CH4S_026_Q_;H2S;0.0;-60.87264088166222;14.596482537620659;false;POINT (729176.5220555713 1614768.5145497995)
25;Dostaly*;Francois;CAESM;2024-08-16 11:00:00.000;11;H2S-CH4S_026_Q_;H2S;0.0;-60.87264088166222;14.596482537620659;false;POINT (729176.5220555713 1614768.5145497995)
25;Dostaly*;Francois;CAESM;2024-08-16 12:00:00.000;11;H2S-CH4S_026_Q_;H2S;0.001;-60.87264088166222;14.596482537620659;false;POINT (729176.5220555713 1614768.5145497995)
25;Dostaly*;Francois;CAESM;2024-08-16 13:00:00.000;11;H2S-CH4S_026_Q_;H2S;0.0;-60.87264088166222;14.596482537620659;false;POINT (729176.5220555713 1614768.5145497995)
25;Dostaly*;Francois;CAESM;2024-08-16 14:00:00.000;11;H2S-CH4S_026_Q_;H2S;0.0;-60.87264088166222;14.596482537620659;false;POINT (729176.5220555713 1614768.5145497995)
25;Dostaly*;Francois;CAESM;2024-08-16 15:00:00.000;11;H2S-CH4S_026_Q_;H2S;0.0;-60.87264088166222;14.596482537620659;false;POINT (729176.5220555713 1614768.5145497995)
25;Dostaly*;Francois;CAESM;2024-08-16 16:00:00.000;11;H2S-CH4S_026_Q_;H2S;0.0;-60.87264088166222;14.596482537620659;false;POINT (729176.5220555713 1614768.5145497995)
25;Dostaly*;Francois;CAESM;2024-08-16 17:00:00.000;11;H2S-CH4S_026_Q_;H2S;0.0;-60.87264088166222;14.596482537620659;false;POINT (729176.5220555713 1614768.5145497995)
25;Dostaly*;Francois;CAESM;2024-08-16 18:00:00.000;11;H2S-CH4S_026_Q_;H2S;0.0;-60.87264088166222;14.596482537620659;false;POINT (729176.5220555713 1614768.5145497995)
25;Dostaly*;Francois;CAESM;2024-08-16 19:00:00.000;11;H2S-CH4S_026_Q_;H2S;0.0;-60.87264088166222;14.596482537620659;false;POINT (729176.5220555713 1614768.5145497995)
25;Dostaly*;Francois;CAESM;2024-08-16 20:00:00.000;11;H2S-CH4S_026_Q_;H2S;0.0;-60.87264088166222;14.596482537620659;false;POINT (729176.5220555713 1614768.5145497995)
25;Dostaly*;Francois;CAESM;2024-08-16 21:00:00.000;11;H2S-CH4S_026_Q_;H2S;0.0;-60.87264088166222;14.596482537620659;false;POINT (729176.5220555713 1614768.5145497995)
25;Dostaly*;Francois;CAESM;2024-08-16 22:00:00.000;11;H2S-CH4S_026_Q_;H2S;0.0;-60.87264088166222;14.596482537620659;false;POINT (729176.5220555713 1614768.5145497995)
25;Dostaly*;Francois;CAESM;2024-08-16 23:00:00.000;11;H2S-CH4S_026_Q_;H2S;0.0;-60.87264088166222;14.596482537620659;false;POINT (729176.5220555713 1614768.5145497995)
25;Dostaly*;Francois;CAESM;2024-08-17 00:00:00.000;11;H2S-CH4S_026_Q_;H2S;0.0;-60.87264088166222;14.596482537620659;false;POINT (729176.5220555713 1614768.5145497995)
25;Dostaly*;Francois;CAESM;2024-08-17 01:00:00.000;11;H2S-CH4S_026_Q_;H2S;0.0;-60.87264088166222;14.596482537620659;false;POINT (729176.5220555713 1614768.5145497995)
25;Dostaly*;Francois;CAESM;2024-08-17 02:00:00.000;11;H2S-CH4S_026_Q_;H2S;0.0;-60.87264088166222;14.596482537620659;false;POINT (729176.5220555713 1614768.5145497995)
25;Dostaly*;Francois;CAESM;2024-08-17 03:00:00.000;11;H2S-CH4S_026_Q_;H2S;0.0;-60.87264088166222;14.596482537620659;false;POINT (729176.5220555713 1614768.5145497995)
25;Dostaly*;Francois;CAESM;2024-08-17 04:00:00.000;11;H2S-CH4S_026_Q_;H2S;0.0;-60.87264088166222;14.596482537620659;false;POINT (729176.5220555713 1614768.5145497995)
25;Dostaly*;Francois;CAESM;2024-08-17 05:00:00.000;11;H2S-CH4S_026_Q_;H2S;0.0;-60.87264088166222;14.596482537620659;false;POINT (729176.5220555713 1614768.5145497995)
25;Dostaly*;Francois;CAESM;2024-08-17 06:00:00.000;11;H2S-CH4S_026_Q_;H2S;0.0;-60.87264088166222;14.596482537620659;false;POINT (729176.5220555713 1614768.5145497995)
25;Dostaly*;Francois;CAESM;2024-08-17 07:00:00.000;11;H2S-CH4S_026_Q_;H2S;0.0;-60.87264088166222;14.596482537620659;false;POINT (729176.5220555713 1614768.5145497995)
25;Dostaly*;Francois;CAESM;2024-08-17 08:00:00.000;11;H2S-CH4S_026_Q_;H2S;0.0;-60.87264088166222;14.596482537620659;false;POINT (729176.5220555713 1614768.5145497995)
25;Dostaly*;Francois;CAESM;2024-08-17 09:00:00.000;11;H2S-CH4S_026_Q_;H2S;0.026;-60.87264088166222;14.596482537620659;false;POINT (729176.5220555713 1614768.5145497995)
25;Dostaly*;Francois;CAESM;2024-08-17 10:00:00.000;11;H2S-CH4S_026_Q_;H2S;0.0;-60.87264088166222;14.596482537620659;false;POINT (729176.5220555713 1614768.5145497995)
25;Dostaly*;Francois;CAESM;2024-08-17 11:00:00.000;11;H2S-CH4S_026_Q_;H2S;0.0;-60.87264088166222;14.596482537620659;false;POINT (729176.5220555713 1614768.5145497995)
25;Dostaly*;Francois;CAESM;2024-08-17 12:00:00.000;11;H2S-CH4S_026_Q_;H2S;0.0;-60.87264088166222;14.596482537620659;false;POINT (729176.5220555713 1614768.5145497995)
25;Dostaly*;Francois;CAESM;2024-08-17 13:00:00.000;11;H2S-CH4S_026_Q_;H2S;0.0;-60.87264088166222;14.596482537620659;false;POINT (729176.5220555713 1614768.5145497995)
25;Dostaly*;Francois;CAESM;2024-08-17 14:00:00.000;11;H2S-CH4S_026_Q_;H2S;0.0;-60.87264088166222;14.596482537620659;false;POINT (729176.5220555713 1614768.5145497995)
25;Dostaly*;Francois;CAESM;2024-08-17 15:00:00.000;11;H2S-CH4S_026_Q_;H2S;0.0;-60.87264088166222;14.596482537620659;false;POINT (729176.5220555713 1614768.5145497995)
25;Dostaly*;Francois;CAESM;2024-08-17 16:00:00.000;11;H2S-CH4S_026_Q_;H2S;0.0;-60.87264088166222;14.596482537620659;false;POINT (729176.5220555713 1614768.5145497995)
25;Dostaly*;Francois;CAESM;2024-08-17 17:00:00.000;11;H2S-CH4S_026_Q_;H2S;0.0;-60.87264088166222;14.596482537620659;false;POINT (729176.5220555713 1614768.5145497995)
25;Dostaly*;Francois;CAESM;2024-08-17 18:00:00.000;11;H2S-CH4S_026_Q_;H2S;0.0;-60.87264088166222;14.596482537620659;false;POINT (729176.5220555713 1614768.5145497995)
25;Dostaly*;Francois;CAESM;2024-08-17 19:00:00.000;11;H2S-CH4S_026_Q_;H2S;0.0;-60.87264088166222;14.596482537620659;false;POINT (729176.5220555713 1614768.5145497995)
25;Dostaly*;Francois;CAESM;2024-08-17 20:00:00.000;11;H2S-CH4S_026_Q_;H2S;0.0;-60.87264088166222;14.596482537620659;false;POINT (729176.5220555713 1614768.5145497995)
25;Dostaly*;Francois;CAESM;2024-08-17 21:00:00.000;11;H2S-CH4S_026_Q_;H2S;0.0;-60.87264088166222;14.596482537620659;false;POINT (729176.5220555713 1614768.5145497995)
25;Dostaly*;Francois;CAESM;2024-08-17 22:00:00.000;11;H2S-CH4S_026_Q_;H2S;0.0;-60.87264088166222;14.596482537620659;false;POINT (729176.5220555713 1614768.5145497995)
25;Dostaly*;Francois;CAESM;2024-08-17 23:00:00.000;11;H2S-CH4S_026_Q_;H2S;0.0;-60.87264088166222;14.596482537620659;false;POINT (729176.5220555713 1614768.5145497995)
25;Dostaly*;Francois;CAESM;2024-08-18 00:00:00.000;11;H2S-CH4S_026_Q_;H2S;0.0;-60.87264088166222;14.596482537620659;false;POINT (729176.5220555713 1614768.5145497995)
